20260302T16:06:14Z ZEPHYRUS-G16 LOKI: Info: MODULE: Upgrader MESSAGE: Updating LOKI ...
20260302T16:06:14Z ZEPHYRUS-G16 LOKI: Info: MODULE: Upgrader MESSAGE: Checking location of latest release https://api.github.com/repos/Neo23x0/Loki/releases/latest ...
20260302T16:06:14Z ZEPHYRUS-G16 LOKI: Info: MODULE: Upgrader MESSAGE: Downloading latest release https://github.com/Neo23x0/Loki/releases/download/v0.51.0/loki_0.51.0.zip ...
20260302T16:06:15Z ZEPHYRUS-G16 LOKI: Info: MODULE: Upgrader MESSAGE: Extracting docs/LICENSE-doublepulsarcheck ...
20260302T16:06:15Z ZEPHYRUS-G16 LOKI: Info: MODULE: Upgrader MESSAGE: Extracting docs/LICENSE-PE-Sieve ...
20260302T16:06:15Z ZEPHYRUS-G16 LOKI: Info: MODULE: Upgrader MESSAGE: Extracting LICENSE ...
20260302T16:06:15Z ZEPHYRUS-G16 LOKI: Info: MODULE: Upgrader MESSAGE: Extracting loki.exe ...
20260302T16:06:15Z ZEPHYRUS-G16 LOKI: Info: MODULE: Upgrader MESSAGE: Extracting plugins/loki-plugin-wmi.py ...
20260302T16:06:15Z ZEPHYRUS-G16 LOKI: Info: MODULE: Upgrader MESSAGE: Extracting README.md ...
20260302T16:06:15Z ZEPHYRUS-G16 LOKI: Info: MODULE: Upgrader MESSAGE: Extracting requirements.txt ...
20260302T16:06:15Z ZEPHYRUS-G16 LOKI: Info: MODULE: Upgrader MESSAGE: Extracting tools/pe-sieve32.exe ...
20260302T16:06:15Z ZEPHYRUS-G16 LOKI: Info: MODULE: Upgrader MESSAGE: Extracting tools/pe-sieve64.exe ...
20260302T16:06:15Z ZEPHYRUS-G16 LOKI: Info: MODULE: Upgrader MESSAGE: Updating Signatures ...
20260302T16:06:15Z ZEPHYRUS-G16 LOKI: Info: MODULE: Upgrader MESSAGE: Downloading https://github.com/Neo23x0/signature-base/archive/master.zip ...
20260302T16:06:16Z ZEPHYRUS-G16 LOKI: Info: MODULE: Upgrader MESSAGE: New signature file: README.txt
20260302T16:06:16Z ZEPHYRUS-G16 LOKI: Info: MODULE: Upgrader MESSAGE: New signature file: c2-iocs.txt
20260302T16:06:16Z ZEPHYRUS-G16 LOKI: Info: MODULE: Upgrader MESSAGE: New signature file: filename-iocs.txt
20260302T16:06:16Z ZEPHYRUS-G16 LOKI: Info: MODULE: Upgrader MESSAGE: New signature file: hash-iocs.txt
20260302T16:06:16Z ZEPHYRUS-G16 LOKI: Info: MODULE: Upgrader MESSAGE: New signature file: keywords.txt
20260302T16:06:16Z ZEPHYRUS-G16 LOKI: Info: MODULE: Upgrader MESSAGE: New signature file: file-type-signatures.txt
20260302T16:06:16Z ZEPHYRUS-G16 LOKI: Info: MODULE: Upgrader MESSAGE: New signature file: airbnb_binaryalert.yar
20260302T16:06:16Z ZEPHYRUS-G16 LOKI: Info: MODULE: Upgrader MESSAGE: New signature file: apt_aa19_024a.yar
20260302T16:06:16Z ZEPHYRUS-G16 LOKI: Info: MODULE: Upgrader MESSAGE: New signature file: apt_agent_btz.yar
20260302T16:06:16Z ZEPHYRUS-G16 LOKI: Info: MODULE: Upgrader MESSAGE: New signature file: apt_alienspy_rat.yar
20260302T16:06:16Z ZEPHYRUS-G16 LOKI: Info: MODULE: Upgrader MESSAGE: New signature file: apt_apt10.yar
20260302T16:06:16Z ZEPHYRUS-G16 LOKI: Info: MODULE: Upgrader MESSAGE: New signature file: apt_apt10_redleaves.yar
20260302T16:06:16Z ZEPHYRUS-G16 LOKI: Info: MODULE: Upgrader MESSAGE: New signature file: apt_apt12_malware.yar
20260302T16:06:16Z ZEPHYRUS-G16 LOKI: Info: MODULE: Upgrader MESSAGE: New signature file: apt_apt15.yar
20260302T16:06:16Z ZEPHYRUS-G16 LOKI: Info: MODULE: Upgrader MESSAGE: New signature file: apt_apt17_mal_sep17.yar
20260302T16:06:16Z ZEPHYRUS-G16 LOKI: Info: MODULE: Upgrader MESSAGE: New signature file: apt_apt17_malware.yar
20260302T16:06:16Z ZEPHYRUS-G16 LOKI: Info: MODULE: Upgrader MESSAGE: New signature file: apt_apt19.yar
20260302T16:06:16Z ZEPHYRUS-G16 LOKI: Info: MODULE: Upgrader MESSAGE: New signature file: apt_apt27_hyperbro.yar
20260302T16:06:16Z ZEPHYRUS-G16 LOKI: Info: MODULE: Upgrader MESSAGE: New signature file: apt_apt27_rshell.yar
20260302T16:06:16Z ZEPHYRUS-G16 LOKI: Info: MODULE: Upgrader MESSAGE: New signature file: apt_apt28.yar
20260302T16:06:16Z ZEPHYRUS-G16 LOKI: Info: MODULE: Upgrader MESSAGE: New signature file: apt_apt28_drovorub.yar
20260302T16:06:16Z ZEPHYRUS-G16 LOKI: Info: MODULE: Upgrader MESSAGE: New signature file: apt_apt29_grizzly_steppe.yar
20260302T16:06:16Z ZEPHYRUS-G16 LOKI: Info: MODULE: Upgrader MESSAGE: New signature file: apt_apt29_nobelium_apr22.yar
20260302T16:06:16Z ZEPHYRUS-G16 LOKI: Info: MODULE: Upgrader MESSAGE: New signature file: apt_apt29_nobelium_may21.yar
20260302T16:06:16Z ZEPHYRUS-G16 LOKI: Info: MODULE: Upgrader MESSAGE: New signature file: apt_apt30_backspace.yar
20260302T16:06:16Z ZEPHYRUS-G16 LOKI: Info: MODULE: Upgrader MESSAGE: New signature file: apt_apt32.yar
20260302T16:06:16Z ZEPHYRUS-G16 LOKI: Info: MODULE: Upgrader MESSAGE: New signature file: apt_apt34.yar
20260302T16:06:16Z ZEPHYRUS-G16 LOKI: Info: MODULE: Upgrader MESSAGE: New signature file: apt_apt36_operation_sindoor.yar
20260302T16:06:16Z ZEPHYRUS-G16 LOKI: Info: MODULE: Upgrader MESSAGE: New signature file: apt_apt37.yar
20260302T16:06:16Z ZEPHYRUS-G16 LOKI: Info: MODULE: Upgrader MESSAGE: New signature file: apt_apt37_bluelight.yar
20260302T16:06:16Z ZEPHYRUS-G16 LOKI: Info: MODULE: Upgrader MESSAGE: New signature file: apt_apt3_bemstour.yar
20260302T16:06:16Z ZEPHYRUS-G16 LOKI: Info: MODULE: Upgrader MESSAGE: New signature file: apt_apt41.yar
20260302T16:06:16Z ZEPHYRUS-G16 LOKI: Info: MODULE: Upgrader MESSAGE: New signature file: apt_apt6_malware.yar
20260302T16:06:16Z ZEPHYRUS-G16 LOKI: Info: MODULE: Upgrader MESSAGE: New signature file: apt_ar18_165a.yar
20260302T16:06:16Z ZEPHYRUS-G16 LOKI: Info: MODULE: Upgrader MESSAGE: New signature file: apt_area1_phishing_diplomacy.yar
20260302T16:06:16Z ZEPHYRUS-G16 LOKI: Info: MODULE: Upgrader MESSAGE: New signature file: apt_aus_parl_compromise.yar
20260302T16:06:16Z ZEPHYRUS-G16 LOKI: Info: MODULE: Upgrader MESSAGE: New signature file: apt_babyshark.yar
20260302T16:06:16Z ZEPHYRUS-G16 LOKI: Info: MODULE: Upgrader MESSAGE: New signature file: apt_backdoor_ssh_python.yar
20260302T16:06:16Z ZEPHYRUS-G16 LOKI: Info: MODULE: Upgrader MESSAGE: New signature file: apt_backdoor_sunburst_fnv1a_experimental.yar
20260302T16:06:16Z ZEPHYRUS-G16 LOKI: Info: MODULE: Upgrader MESSAGE: New signature file: apt_backspace.yar
20260302T16:06:16Z ZEPHYRUS-G16 LOKI: Info: MODULE: Upgrader MESSAGE: New signature file: apt_barracuda_esg_unc4841_jun23.yar
20260302T16:06:16Z ZEPHYRUS-G16 LOKI: Info: MODULE: Upgrader MESSAGE: New signature file: apt_beepservice.yar
20260302T16:06:16Z ZEPHYRUS-G16 LOKI: Info: MODULE: Upgrader MESSAGE: New signature file: apt_between-hk-and-burma.yar
20260302T16:06:16Z ZEPHYRUS-G16 LOKI: Info: MODULE: Upgrader MESSAGE: New signature file: apt_bigbang.yar
20260302T16:06:16Z ZEPHYRUS-G16 LOKI: Info: MODULE: Upgrader MESSAGE: New signature file: apt_bitter.yar
20260302T16:06:16Z ZEPHYRUS-G16 LOKI: Info: MODULE: Upgrader MESSAGE: New signature file: apt_blackenergy.yar
20260302T16:06:16Z ZEPHYRUS-G16 LOKI: Info: MODULE: Upgrader MESSAGE: New signature file: apt_blackenergy_installer.yar
20260302T16:06:16Z ZEPHYRUS-G16 LOKI: Info: MODULE: Upgrader MESSAGE: New signature file: apt_bluetermite_emdivi.yar
20260302T16:06:16Z ZEPHYRUS-G16 LOKI: Info: MODULE: Upgrader MESSAGE: New signature file: apt_bronze_butler.yar
20260302T16:06:16Z ZEPHYRUS-G16 LOKI: Info: MODULE: Upgrader MESSAGE: New signature file: apt_buckeye.yar
20260302T16:06:16Z ZEPHYRUS-G16 LOKI: Info: MODULE: Upgrader MESSAGE: New signature file: apt_camaro_dragon_oct23.yar
20260302T16:06:16Z ZEPHYRUS-G16 LOKI: Info: MODULE: Upgrader MESSAGE: New signature file: apt_candiru.yar
20260302T16:06:16Z ZEPHYRUS-G16 LOKI: Info: MODULE: Upgrader MESSAGE: New signature file: apt_carbon_paper_turla.yar
20260302T16:06:16Z ZEPHYRUS-G16 LOKI: Info: MODULE: Upgrader MESSAGE: New signature file: apt_casper.yar
20260302T16:06:16Z ZEPHYRUS-G16 LOKI: Info: MODULE: Upgrader MESSAGE: New signature file: apt_cheshirecat.yar
20260302T16:06:16Z ZEPHYRUS-G16 LOKI: Info: MODULE: Upgrader MESSAGE: New signature file: apt_cisco_asa_line_dancer_apr24.yar
20260302T16:06:16Z ZEPHYRUS-G16 LOKI: Info: MODULE: Upgrader MESSAGE: New signature file: apt_cisco_asa_lineviper_rayinitiator_sep25.yar
20260302T16:06:16Z ZEPHYRUS-G16 LOKI: Info: MODULE: Upgrader MESSAGE: New signature file: apt_cloudatlas.yar
20260302T16:06:16Z ZEPHYRUS-G16 LOKI: Info: MODULE: Upgrader MESSAGE: New signature file: apt_cloudduke.yar
20260302T16:06:16Z ZEPHYRUS-G16 LOKI: Info: MODULE: Upgrader MESSAGE: New signature file: apt_cmstar.yar
20260302T16:06:16Z ZEPHYRUS-G16 LOKI: Info: MODULE: Upgrader MESSAGE: New signature file: apt_cn_brickstorm_sep25.yar
20260302T16:06:16Z ZEPHYRUS-G16 LOKI: Info: MODULE: Upgrader MESSAGE: New signature file: apt_cn_netfilter.yar
20260302T16:06:16Z ZEPHYRUS-G16 LOKI: Info: MODULE: Upgrader MESSAGE: New signature file: apt_cn_pp_zerot.yar
20260302T16:06:16Z ZEPHYRUS-G16 LOKI: Info: MODULE: Upgrader MESSAGE: New signature file: apt_cn_reddelta.yar
20260302T16:06:16Z ZEPHYRUS-G16 LOKI: Info: MODULE: Upgrader MESSAGE: New signature file: apt_cn_twisted_panda.yar
20260302T16:06:16Z ZEPHYRUS-G16 LOKI: Info: MODULE: Upgrader MESSAGE: New signature file: apt_cobaltstrike.yar
20260302T16:06:16Z ZEPHYRUS-G16 LOKI: Info: MODULE: Upgrader MESSAGE: New signature file: apt_cobaltstrike_evasive.yar
20260302T16:06:16Z ZEPHYRUS-G16 LOKI: Info: MODULE: Upgrader MESSAGE: New signature file: apt_codoso.yar
20260302T16:06:16Z ZEPHYRUS-G16 LOKI: Info: MODULE: Upgrader MESSAGE: New signature file: apt_coreimpact_agent.yar
20260302T16:06:16Z ZEPHYRUS-G16 LOKI: Info: MODULE: Upgrader MESSAGE: New signature file: apt_danti_svcmondr.yar
20260302T16:06:16Z ZEPHYRUS-G16 LOKI: Info: MODULE: Upgrader MESSAGE: New signature file: apt_darkcaracal.yar
20260302T16:06:16Z ZEPHYRUS-G16 LOKI: Info: MODULE: Upgrader MESSAGE: New signature file: apt_darkhydrus.yar
20260302T16:06:16Z ZEPHYRUS-G16 LOKI: Info: MODULE: Upgrader MESSAGE: New signature file: apt_deeppanda.yar
20260302T16:06:16Z ZEPHYRUS-G16 LOKI: Info: MODULE: Upgrader MESSAGE: New signature file: apt_derusbi.yar
20260302T16:06:16Z ZEPHYRUS-G16 LOKI: Info: MODULE: Upgrader MESSAGE: New signature file: apt_dnspionage.yar
20260302T16:06:16Z ZEPHYRUS-G16 LOKI: Info: MODULE: Upgrader MESSAGE: New signature file: apt_donotteam_ytyframework.yar
20260302T16:06:16Z ZEPHYRUS-G16 LOKI: Info: MODULE: Upgrader MESSAGE: New signature file: apt_dragonfly.yar
20260302T16:06:16Z ZEPHYRUS-G16 LOKI: Info: MODULE: Upgrader MESSAGE: New signature file: apt_dtrack.yar
20260302T16:06:16Z ZEPHYRUS-G16 LOKI: Info: MODULE: Upgrader MESSAGE: New signature file: apt_dubnium.yar
20260302T16:06:16Z ZEPHYRUS-G16 LOKI: Info: MODULE: Upgrader MESSAGE: New signature file: apt_duqu1_5_modules.yar
20260302T16:06:16Z ZEPHYRUS-G16 LOKI: Info: MODULE: Upgrader MESSAGE: New signature file: apt_duqu2.yar
20260302T16:06:16Z ZEPHYRUS-G16 LOKI: Info: MODULE: Upgrader MESSAGE: New signature file: apt_dustman.yar
20260302T16:06:16Z ZEPHYRUS-G16 LOKI: Info: MODULE: Upgrader MESSAGE: New signature file: apt_emissary.yar
20260302T16:06:16Z ZEPHYRUS-G16 LOKI: Info: MODULE: Upgrader MESSAGE: New signature file: apt_eqgrp.yar
20260302T16:06:16Z ZEPHYRUS-G16 LOKI: Info: MODULE: Upgrader MESSAGE: New signature file: apt_eqgrp_apr17.yar
20260302T16:06:16Z ZEPHYRUS-G16 LOKI: Info: MODULE: Upgrader MESSAGE: New signature file: apt_eqgrp_sparc_sbz_apr23.yar
20260302T16:06:16Z ZEPHYRUS-G16 LOKI: Info: MODULE: Upgrader MESSAGE: New signature file: apt_eqgrp_triangulation_jun23.yar
20260302T16:06:16Z ZEPHYRUS-G16 LOKI: Info: MODULE: Upgrader MESSAGE: New signature file: apt_eternalblue_non_wannacry.yar
20260302T16:06:16Z ZEPHYRUS-G16 LOKI: Info: MODULE: Upgrader MESSAGE: New signature file: apt_exile_rat.yar
20260302T16:06:16Z ZEPHYRUS-G16 LOKI: Info: MODULE: Upgrader MESSAGE: New signature file: apt_f5_bigip_expl_payloads.yar
20260302T16:06:16Z ZEPHYRUS-G16 LOKI: Info: MODULE: Upgrader MESSAGE: New signature file: apt_fakem_backdoor.yar
20260302T16:06:16Z ZEPHYRUS-G16 LOKI: Info: MODULE: Upgrader MESSAGE: New signature file: apt_fancybear_computrace_agent.yar
20260302T16:06:16Z ZEPHYRUS-G16 LOKI: Info: MODULE: Upgrader MESSAGE: New signature file: apt_fancybear_dnc.yar
20260302T16:06:16Z ZEPHYRUS-G16 LOKI: Info: MODULE: Upgrader MESSAGE: New signature file: apt_fancybear_osxagent.yar
20260302T16:06:16Z ZEPHYRUS-G16 LOKI: Info: MODULE: Upgrader MESSAGE: New signature file: apt_fidelis_phishing_plain_sight.yar
20260302T16:06:16Z ZEPHYRUS-G16 LOKI: Info: MODULE: Upgrader MESSAGE: New signature file: apt_fin7.yar
20260302T16:06:16Z ZEPHYRUS-G16 LOKI: Info: MODULE: Upgrader MESSAGE: New signature file: apt_fin7_backdoor.yar
20260302T16:06:16Z ZEPHYRUS-G16 LOKI: Info: MODULE: Upgrader MESSAGE: New signature file: apt_fin8.yar
20260302T16:06:16Z ZEPHYRUS-G16 LOKI: Info: MODULE: Upgrader MESSAGE: New signature file: apt_flame2_orchestrator.yar
20260302T16:06:16Z ZEPHYRUS-G16 LOKI: Info: MODULE: Upgrader MESSAGE: New signature file: apt_foudre.yar
20260302T16:06:16Z ZEPHYRUS-G16 LOKI: Info: MODULE: Upgrader MESSAGE: New signature file: apt_four_element_sword.yar
20260302T16:06:16Z ZEPHYRUS-G16 LOKI: Info: MODULE: Upgrader MESSAGE: New signature file: apt_freemilk.yar
20260302T16:06:16Z ZEPHYRUS-G16 LOKI: Info: MODULE: Upgrader MESSAGE: New signature file: apt_fujinama_rat.yar
20260302T16:06:16Z ZEPHYRUS-G16 LOKI: Info: MODULE: Upgrader MESSAGE: New signature file: apt_furtim.yar
20260302T16:06:16Z ZEPHYRUS-G16 LOKI: Info: MODULE: Upgrader MESSAGE: New signature file: apt_fvey_shadowbroker_dec16.yar
20260302T16:06:16Z ZEPHYRUS-G16 LOKI: Info: MODULE: Upgrader MESSAGE: New signature file: apt_fvey_shadowbroker_jan17.yar
20260302T16:06:16Z ZEPHYRUS-G16 LOKI: Info: MODULE: Upgrader MESSAGE: New signature file: apt_ghostdragon_gh0st_rat.yar
20260302T16:06:16Z ZEPHYRUS-G16 LOKI: Info: MODULE: Upgrader MESSAGE: New signature file: apt_glassRAT.yar
20260302T16:06:16Z ZEPHYRUS-G16 LOKI: Info: MODULE: Upgrader MESSAGE: New signature file: apt_golddragon.yar
20260302T16:06:16Z ZEPHYRUS-G16 LOKI: Info: MODULE: Upgrader MESSAGE: New signature file: apt_goldenspy.yar
20260302T16:06:16Z ZEPHYRUS-G16 LOKI: Info: MODULE: Upgrader MESSAGE: New signature file: apt_greenbug.yar
20260302T16:06:16Z ZEPHYRUS-G16 LOKI: Info: MODULE: Upgrader MESSAGE: New signature file: apt_greyenergy.yar
20260302T16:06:16Z ZEPHYRUS-G16 LOKI: Info: MODULE: Upgrader MESSAGE: New signature file: apt_grizzlybear_uscert.yar
20260302T16:06:16Z ZEPHYRUS-G16 LOKI: Info: MODULE: Upgrader MESSAGE: New signature file: apt_hackingteam_rules.yar
20260302T16:06:16Z ZEPHYRUS-G16 LOKI: Info: MODULE: Upgrader MESSAGE: New signature file: apt_hafnium.yar
20260302T16:06:16Z ZEPHYRUS-G16 LOKI: Info: MODULE: Upgrader MESSAGE: New signature file: apt_hafnium_log_sigs.yar
20260302T16:06:16Z ZEPHYRUS-G16 LOKI: Info: MODULE: Upgrader MESSAGE: New signature file: apt_ham_tofu_chches.yar
20260302T16:06:16Z ZEPHYRUS-G16 LOKI: Info: MODULE: Upgrader MESSAGE: New signature file: apt_hatman.yar
20260302T16:06:16Z ZEPHYRUS-G16 LOKI: Info: MODULE: Upgrader MESSAGE: New signature file: apt_hellsing_kaspersky.yar
20260302T16:06:16Z ZEPHYRUS-G16 LOKI: Info: MODULE: Upgrader MESSAGE: New signature file: apt_hidden_cobra.yar
20260302T16:06:16Z ZEPHYRUS-G16 LOKI: Info: MODULE: Upgrader MESSAGE: New signature file: apt_hiddencobra_bankshot.yar
20260302T16:06:16Z ZEPHYRUS-G16 LOKI: Info: MODULE: Upgrader MESSAGE: New signature file: apt_hiddencobra_wiper.yar
20260302T16:06:16Z ZEPHYRUS-G16 LOKI: Info: MODULE: Upgrader MESSAGE: New signature file: apt_hizor_rat.yar
20260302T16:06:16Z ZEPHYRUS-G16 LOKI: Info: MODULE: Upgrader MESSAGE: New signature file: apt_hkdoor.yar
20260302T16:06:16Z ZEPHYRUS-G16 LOKI: Info: MODULE: Upgrader MESSAGE: New signature file: apt_iamtheking.yar
20260302T16:06:16Z ZEPHYRUS-G16 LOKI: Info: MODULE: Upgrader MESSAGE: New signature file: apt_icefog.yar
20260302T16:06:16Z ZEPHYRUS-G16 LOKI: Info: MODULE: Upgrader MESSAGE: New signature file: apt_indetectables_rat.yar
20260302T16:06:16Z ZEPHYRUS-G16 LOKI: Info: MODULE: Upgrader MESSAGE: New signature file: apt_industroyer.yar
20260302T16:06:16Z ZEPHYRUS-G16 LOKI: Info: MODULE: Upgrader MESSAGE: New signature file: apt_inocnation.yar
20260302T16:06:16Z ZEPHYRUS-G16 LOKI: Info: MODULE: Upgrader MESSAGE: New signature file: apt_irongate.yar
20260302T16:06:16Z ZEPHYRUS-G16 LOKI: Info: MODULE: Upgrader MESSAGE: New signature file: apt_irontiger.yar
20260302T16:06:16Z ZEPHYRUS-G16 LOKI: Info: MODULE: Upgrader MESSAGE: New signature file: apt_irontiger_trendmicro.yar
20260302T16:06:16Z ZEPHYRUS-G16 LOKI: Info: MODULE: Upgrader MESSAGE: New signature file: apt_ism_rat.yar
20260302T16:06:16Z ZEPHYRUS-G16 LOKI: Info: MODULE: Upgrader MESSAGE: New signature file: apt_kaspersky_duqu2.yar
20260302T16:06:16Z ZEPHYRUS-G16 LOKI: Info: MODULE: Upgrader MESSAGE: New signature file: apt_ke3chang.yar
20260302T16:06:16Z ZEPHYRUS-G16 LOKI: Info: MODULE: Upgrader MESSAGE: New signature file: apt_keyboys.yar
20260302T16:06:16Z ZEPHYRUS-G16 LOKI: Info: MODULE: Upgrader MESSAGE: New signature file: apt_keylogger_cn.yar
20260302T16:06:16Z ZEPHYRUS-G16 LOKI: Info: MODULE: Upgrader MESSAGE: New signature file: apt_khrat.yar
20260302T16:06:16Z ZEPHYRUS-G16 LOKI: Info: MODULE: Upgrader MESSAGE: New signature file: apt_korplug_fast.yar
20260302T16:06:16Z ZEPHYRUS-G16 LOKI: Info: MODULE: Upgrader MESSAGE: New signature file: apt_kwampirs.yar
20260302T16:06:16Z ZEPHYRUS-G16 LOKI: Info: MODULE: Upgrader MESSAGE: New signature file: apt_laudanum_webshells.yar
20260302T16:06:16Z ZEPHYRUS-G16 LOKI: Info: MODULE: Upgrader MESSAGE: New signature file: apt_lazarus_applejeus.yar
20260302T16:06:16Z ZEPHYRUS-G16 LOKI: Info: MODULE: Upgrader MESSAGE: New signature file: apt_lazarus_aug20.yar
20260302T16:06:16Z ZEPHYRUS-G16 LOKI: Info: MODULE: Upgrader MESSAGE: New signature file: apt_lazarus_dec17.yar
20260302T16:06:16Z ZEPHYRUS-G16 LOKI: Info: MODULE: Upgrader MESSAGE: New signature file: apt_lazarus_dec20.yar
20260302T16:06:16Z ZEPHYRUS-G16 LOKI: Info: MODULE: Upgrader MESSAGE: New signature file: apt_lazarus_gopuram.yar
20260302T16:06:16Z ZEPHYRUS-G16 LOKI: Info: MODULE: Upgrader MESSAGE: New signature file: apt_lazarus_jan21.yar
20260302T16:06:16Z ZEPHYRUS-G16 LOKI: Info: MODULE: Upgrader MESSAGE: New signature file: apt_lazarus_jun18.yar
20260302T16:06:16Z ZEPHYRUS-G16 LOKI: Info: MODULE: Upgrader MESSAGE: New signature file: apt_lazarus_vhd_ransomware.yar
20260302T16:06:16Z ZEPHYRUS-G16 LOKI: Info: MODULE: Upgrader MESSAGE: New signature file: apt_leviathan.yar
20260302T16:06:16Z ZEPHYRUS-G16 LOKI: Info: MODULE: Upgrader MESSAGE: New signature file: apt_lnx_kobalos.yar
20260302T16:06:16Z ZEPHYRUS-G16 LOKI: Info: MODULE: Upgrader MESSAGE: New signature file: apt_lnx_linadoor_rootkit.yar
20260302T16:06:16Z ZEPHYRUS-G16 LOKI: Info: MODULE: Upgrader MESSAGE: New signature file: apt_lotusblossom_elise.yar
20260302T16:06:16Z ZEPHYRUS-G16 LOKI: Info: MODULE: Upgrader MESSAGE: New signature file: apt_magichound.yar
20260302T16:06:16Z ZEPHYRUS-G16 LOKI: Info: MODULE: Upgrader MESSAGE: New signature file: apt_mal_gopuram_apr23.yar
20260302T16:06:16Z ZEPHYRUS-G16 LOKI: Info: MODULE: Upgrader MESSAGE: New signature file: apt_mal_ilo_board_elf.yar
20260302T16:06:16Z ZEPHYRUS-G16 LOKI: Info: MODULE: Upgrader MESSAGE: New signature file: apt_mal_ru_snake_may23.yar
20260302T16:06:16Z ZEPHYRUS-G16 LOKI: Info: MODULE: Upgrader MESSAGE: New signature file: apt_microcin.yar
20260302T16:06:16Z ZEPHYRUS-G16 LOKI: Info: MODULE: Upgrader MESSAGE: New signature file: apt_middle_east_talosreport.yar
20260302T16:06:16Z ZEPHYRUS-G16 LOKI: Info: MODULE: Upgrader MESSAGE: New signature file: apt_miniasp.yar
20260302T16:06:16Z ZEPHYRUS-G16 LOKI: Info: MODULE: Upgrader MESSAGE: New signature file: apt_minidionis.yar
20260302T16:06:16Z ZEPHYRUS-G16 LOKI: Info: MODULE: Upgrader MESSAGE: New signature file: apt_mofang.yar
20260302T16:06:16Z ZEPHYRUS-G16 LOKI: Info: MODULE: Upgrader MESSAGE: New signature file: apt_molerats_jul17.yar
20260302T16:06:16Z ZEPHYRUS-G16 LOKI: Info: MODULE: Upgrader MESSAGE: New signature file: apt_monsoon.yar
20260302T16:06:16Z ZEPHYRUS-G16 LOKI: Info: MODULE: Upgrader MESSAGE: New signature file: apt_moonlightmaze.yar
20260302T16:06:16Z ZEPHYRUS-G16 LOKI: Info: MODULE: Upgrader MESSAGE: New signature file: apt_ms_platinum.yara
20260302T16:06:16Z ZEPHYRUS-G16 LOKI: Info: MODULE: Upgrader MESSAGE: New signature file: apt_muddywater.yar
20260302T16:06:16Z ZEPHYRUS-G16 LOKI: Info: MODULE: Upgrader MESSAGE: New signature file: apt_naikon.yar
20260302T16:06:16Z ZEPHYRUS-G16 LOKI: Info: MODULE: Upgrader MESSAGE: New signature file: apt_nanocore_rat.yar
20260302T16:06:16Z ZEPHYRUS-G16 LOKI: Info: MODULE: Upgrader MESSAGE: New signature file: apt_nazar.yar
20260302T16:06:16Z ZEPHYRUS-G16 LOKI: Info: MODULE: Upgrader MESSAGE: New signature file: apt_ncsc_report_04_2018.yar
20260302T16:06:16Z ZEPHYRUS-G16 LOKI: Info: MODULE: Upgrader MESSAGE: New signature file: apt_netwire_rat.yar
20260302T16:06:16Z ZEPHYRUS-G16 LOKI: Info: MODULE: Upgrader MESSAGE: New signature file: apt_nk_andariel_jul24.yar
20260302T16:06:16Z ZEPHYRUS-G16 LOKI: Info: MODULE: Upgrader MESSAGE: New signature file: apt_nk_gen.yar
20260302T16:06:16Z ZEPHYRUS-G16 LOKI: Info: MODULE: Upgrader MESSAGE: New signature file: apt_nk_goldbackdoor.yar
20260302T16:06:16Z ZEPHYRUS-G16 LOKI: Info: MODULE: Upgrader MESSAGE: New signature file: apt_nk_inkysquid.yar
20260302T16:06:16Z ZEPHYRUS-G16 LOKI: Info: MODULE: Upgrader MESSAGE: New signature file: apt_nk_tradingtech_apr23.yar
20260302T16:06:16Z ZEPHYRUS-G16 LOKI: Info: MODULE: Upgrader MESSAGE: New signature file: apt_nobellium_rdp_phish.yar
20260302T16:06:16Z ZEPHYRUS-G16 LOKI: Info: MODULE: Upgrader MESSAGE: New signature file: apt_oilrig.yar
20260302T16:06:16Z ZEPHYRUS-G16 LOKI: Info: MODULE: Upgrader MESSAGE: New signature file: apt_oilrig_chafer_mar18.yar
20260302T16:06:16Z ZEPHYRUS-G16 LOKI: Info: MODULE: Upgrader MESSAGE: New signature file: apt_oilrig_oct17.yar
20260302T16:06:16Z ZEPHYRUS-G16 LOKI: Info: MODULE: Upgrader MESSAGE: New signature file: apt_oilrig_rgdoor.yar
20260302T16:06:16Z ZEPHYRUS-G16 LOKI: Info: MODULE: Upgrader MESSAGE: New signature file: apt_olympic_destroyer.yar
20260302T16:06:16Z ZEPHYRUS-G16 LOKI: Info: MODULE: Upgrader MESSAGE: New signature file: apt_onhat_proxy.yar
20260302T16:06:16Z ZEPHYRUS-G16 LOKI: Info: MODULE: Upgrader MESSAGE: New signature file: apt_op_cleaver.yar
20260302T16:06:16Z ZEPHYRUS-G16 LOKI: Info: MODULE: Upgrader MESSAGE: New signature file: apt_op_cloudhopper.yar
20260302T16:06:16Z ZEPHYRUS-G16 LOKI: Info: MODULE: Upgrader MESSAGE: New signature file: apt_op_honeybee.yar
20260302T16:06:16Z ZEPHYRUS-G16 LOKI: Info: MODULE: Upgrader MESSAGE: New signature file: apt_op_shadowhammer.yar
20260302T16:06:16Z ZEPHYRUS-G16 LOKI: Info: MODULE: Upgrader MESSAGE: New signature file: apt_op_wocao.yar
20260302T16:06:16Z ZEPHYRUS-G16 LOKI: Info: MODULE: Upgrader MESSAGE: New signature file: apt_passcv.yar
20260302T16:06:16Z ZEPHYRUS-G16 LOKI: Info: MODULE: Upgrader MESSAGE: New signature file: apt_passthehashtoolkit.yar
20260302T16:06:16Z ZEPHYRUS-G16 LOKI: Info: MODULE: Upgrader MESSAGE: New signature file: apt_patchwork.yar
20260302T16:06:16Z ZEPHYRUS-G16 LOKI: Info: MODULE: Upgrader MESSAGE: New signature file: apt_peach_sandstorm.yar
20260302T16:06:16Z ZEPHYRUS-G16 LOKI: Info: MODULE: Upgrader MESSAGE: New signature file: apt_plead_downloader.yar
20260302T16:06:16Z ZEPHYRUS-G16 LOKI: Info: MODULE: Upgrader MESSAGE: New signature file: apt_plugx.yar
20260302T16:06:16Z ZEPHYRUS-G16 LOKI: Info: MODULE: Upgrader MESSAGE: New signature file: apt_poisonivy.yar
20260302T16:06:16Z ZEPHYRUS-G16 LOKI: Info: MODULE: Upgrader MESSAGE: New signature file: apt_poisonivy_gen3.yar
20260302T16:06:16Z ZEPHYRUS-G16 LOKI: Info: MODULE: Upgrader MESSAGE: New signature file: apt_poseidon_group.yar
20260302T16:06:16Z ZEPHYRUS-G16 LOKI: Info: MODULE: Upgrader MESSAGE: New signature file: apt_poshspy.yar
20260302T16:06:16Z ZEPHYRUS-G16 LOKI: Info: MODULE: Upgrader MESSAGE: New signature file: apt_prikormka.yar
20260302T16:06:16Z ZEPHYRUS-G16 LOKI: Info: MODULE: Upgrader MESSAGE: New signature file: apt_project_m.yar
20260302T16:06:16Z ZEPHYRUS-G16 LOKI: Info: MODULE: Upgrader MESSAGE: New signature file: apt_project_sauron.yara
20260302T16:06:16Z ZEPHYRUS-G16 LOKI: Info: MODULE: Upgrader MESSAGE: New signature file: apt_project_sauron_extras.yar
20260302T16:06:16Z ZEPHYRUS-G16 LOKI: Info: MODULE: Upgrader MESSAGE: New signature file: apt_promethium_neodymium.yar
20260302T16:06:16Z ZEPHYRUS-G16 LOKI: Info: MODULE: Upgrader MESSAGE: New signature file: apt_pulsesecure.yar
20260302T16:06:16Z ZEPHYRUS-G16 LOKI: Info: MODULE: Upgrader MESSAGE: New signature file: apt_putterpanda.yar
20260302T16:06:16Z ZEPHYRUS-G16 LOKI: Info: MODULE: Upgrader MESSAGE: New signature file: apt_quarkspwdump.yar
20260302T16:06:16Z ZEPHYRUS-G16 LOKI: Info: MODULE: Upgrader MESSAGE: New signature file: apt_quasar_rat.yar
20260302T16:06:16Z ZEPHYRUS-G16 LOKI: Info: MODULE: Upgrader MESSAGE: New signature file: apt_quasar_vermin.yar
20260302T16:06:16Z ZEPHYRUS-G16 LOKI: Info: MODULE: Upgrader MESSAGE: New signature file: apt_rancor.yar
20260302T16:06:16Z ZEPHYRUS-G16 LOKI: Info: MODULE: Upgrader MESSAGE: New signature file: apt_ransom_darkbit_feb23.yar
20260302T16:06:16Z ZEPHYRUS-G16 LOKI: Info: MODULE: Upgrader MESSAGE: New signature file: apt_ransom_lockbit_citrixbleed_nov23.yar
20260302T16:06:16Z ZEPHYRUS-G16 LOKI: Info: MODULE: Upgrader MESSAGE: New signature file: apt_ransom_vicesociety_dec22.yar
20260302T16:06:16Z ZEPHYRUS-G16 LOKI: Info: MODULE: Upgrader MESSAGE: New signature file: apt_reaver_sunorcal.yar
20260302T16:06:16Z ZEPHYRUS-G16 LOKI: Info: MODULE: Upgrader MESSAGE: New signature file: apt_rehashed_rat.yar
20260302T16:06:16Z ZEPHYRUS-G16 LOKI: Info: MODULE: Upgrader MESSAGE: New signature file: apt_report_ivanti_mandiant_jan24.yar
20260302T16:06:16Z ZEPHYRUS-G16 LOKI: Info: MODULE: Upgrader MESSAGE: New signature file: apt_revenge_rat.yar
20260302T16:06:16Z ZEPHYRUS-G16 LOKI: Info: MODULE: Upgrader MESSAGE: New signature file: apt_rocketkitten_keylogger.yar
20260302T16:06:16Z ZEPHYRUS-G16 LOKI: Info: MODULE: Upgrader MESSAGE: New signature file: apt_rokrat.yar
20260302T16:06:16Z ZEPHYRUS-G16 LOKI: Info: MODULE: Upgrader MESSAGE: New signature file: apt_royalroad.yar
20260302T16:06:16Z ZEPHYRUS-G16 LOKI: Info: MODULE: Upgrader MESSAGE: New signature file: apt_ru_crywiper.yar
20260302T16:06:16Z ZEPHYRUS-G16 LOKI: Info: MODULE: Upgrader MESSAGE: New signature file: apt_ruag.yar
20260302T16:06:16Z ZEPHYRUS-G16 LOKI: Info: MODULE: Upgrader MESSAGE: New signature file: apt_rwmc_powershell_creddump.yar
20260302T16:06:16Z ZEPHYRUS-G16 LOKI: Info: MODULE: Upgrader MESSAGE: New signature file: apt_sakula.yar
20260302T16:06:16Z ZEPHYRUS-G16 LOKI: Info: MODULE: Upgrader MESSAGE: New signature file: apt_sandworm_centreon.yar
20260302T16:06:16Z ZEPHYRUS-G16 LOKI: Info: MODULE: Upgrader MESSAGE: New signature file: apt_sandworm_cyclops_blink.yar
20260302T16:06:16Z ZEPHYRUS-G16 LOKI: Info: MODULE: Upgrader MESSAGE: New signature file: apt_sandworm_exim_expl.yar
20260302T16:06:16Z ZEPHYRUS-G16 LOKI: Info: MODULE: Upgrader MESSAGE: New signature file: apt_saudi_aramco_phish.yar
20260302T16:06:16Z ZEPHYRUS-G16 LOKI: Info: MODULE: Upgrader MESSAGE: New signature file: apt_scanbox_deeppanda.yar
20260302T16:06:16Z ZEPHYRUS-G16 LOKI: Info: MODULE: Upgrader MESSAGE: New signature file: apt_scarcruft.yar
20260302T16:06:16Z ZEPHYRUS-G16 LOKI: Info: MODULE: Upgrader MESSAGE: New signature file: apt_seaduke_unit42.yar
20260302T16:06:16Z ZEPHYRUS-G16 LOKI: Info: MODULE: Upgrader MESSAGE: New signature file: apt_sednit_delphidownloader.yar
20260302T16:06:16Z ZEPHYRUS-G16 LOKI: Info: MODULE: Upgrader MESSAGE: New signature file: apt_servantshell.yar
20260302T16:06:16Z ZEPHYRUS-G16 LOKI: Info: MODULE: Upgrader MESSAGE: New signature file: apt_shadowpad.yar
20260302T16:06:16Z ZEPHYRUS-G16 LOKI: Info: MODULE: Upgrader MESSAGE: New signature file: apt_shamoon.yar
20260302T16:06:16Z ZEPHYRUS-G16 LOKI: Info: MODULE: Upgrader MESSAGE: New signature file: apt_shamoon2.yar
20260302T16:06:16Z ZEPHYRUS-G16 LOKI: Info: MODULE: Upgrader MESSAGE: New signature file: apt_sharptongue.yar
20260302T16:06:16Z ZEPHYRUS-G16 LOKI: Info: MODULE: Upgrader MESSAGE: New signature file: apt_shellcrew_streamex.yar
20260302T16:06:16Z ZEPHYRUS-G16 LOKI: Info: MODULE: Upgrader MESSAGE: New signature file: apt_sidewinder.yar
20260302T16:06:16Z ZEPHYRUS-G16 LOKI: Info: MODULE: Upgrader MESSAGE: New signature file: apt_silence.yar
20260302T16:06:16Z ZEPHYRUS-G16 LOKI: Info: MODULE: Upgrader MESSAGE: New signature file: apt_skeletonkey.yar
20260302T16:06:16Z ZEPHYRUS-G16 LOKI: Info: MODULE: Upgrader MESSAGE: New signature file: apt_slingshot.yar
20260302T16:06:16Z ZEPHYRUS-G16 LOKI: Info: MODULE: Upgrader MESSAGE: New signature file: apt_snaketurla_osx.yar
20260302T16:06:16Z ZEPHYRUS-G16 LOKI: Info: MODULE: Upgrader MESSAGE: New signature file: apt_snowglobe_babar.yar
20260302T16:06:16Z ZEPHYRUS-G16 LOKI: Info: MODULE: Upgrader MESSAGE: New signature file: apt_sofacy.yar
20260302T16:06:16Z ZEPHYRUS-G16 LOKI: Info: MODULE: Upgrader MESSAGE: New signature file: apt_sofacy_cannon.yar
20260302T16:06:16Z ZEPHYRUS-G16 LOKI: Info: MODULE: Upgrader MESSAGE: New signature file: apt_sofacy_dec15.yar
20260302T16:06:16Z ZEPHYRUS-G16 LOKI: Info: MODULE: Upgrader MESSAGE: New signature file: apt_sofacy_fysbis.yar
20260302T16:06:16Z ZEPHYRUS-G16 LOKI: Info: MODULE: Upgrader MESSAGE: New signature file: apt_sofacy_hospitality.yar
20260302T16:06:16Z ZEPHYRUS-G16 LOKI: Info: MODULE: Upgrader MESSAGE: New signature file: apt_sofacy_jun16.yar
20260302T16:06:16Z ZEPHYRUS-G16 LOKI: Info: MODULE: Upgrader MESSAGE: New signature file: apt_sofacy_oct17_camp.yar
20260302T16:06:16Z ZEPHYRUS-G16 LOKI: Info: MODULE: Upgrader MESSAGE: New signature file: apt_sofacy_xtunnel_bundestag.yar
20260302T16:06:16Z ZEPHYRUS-G16 LOKI: Info: MODULE: Upgrader MESSAGE: New signature file: apt_sofacy_zebrocy.yar
20260302T16:06:16Z ZEPHYRUS-G16 LOKI: Info: MODULE: Upgrader MESSAGE: New signature file: apt_solarwinds_sunburst.yar
20260302T16:06:16Z ZEPHYRUS-G16 LOKI: Info: MODULE: Upgrader MESSAGE: New signature file: apt_solarwinds_susp_sunburst.yar
20260302T16:06:16Z ZEPHYRUS-G16 LOKI: Info: MODULE: Upgrader MESSAGE: New signature file: apt_sphinx_moth.yar
20260302T16:06:16Z ZEPHYRUS-G16 LOKI: Info: MODULE: Upgrader MESSAGE: New signature file: apt_stealer_cisa_ar22_277a.yar
20260302T16:06:16Z ZEPHYRUS-G16 LOKI: Info: MODULE: Upgrader MESSAGE: New signature file: apt_stonedrill.yar
20260302T16:06:16Z ZEPHYRUS-G16 LOKI: Info: MODULE: Upgrader MESSAGE: New signature file: apt_strider.yara
20260302T16:06:16Z ZEPHYRUS-G16 LOKI: Info: MODULE: Upgrader MESSAGE: New signature file: apt_stuxnet.yar
20260302T16:06:16Z ZEPHYRUS-G16 LOKI: Info: MODULE: Upgrader MESSAGE: New signature file: apt_stuxshop.yar
20260302T16:06:16Z ZEPHYRUS-G16 LOKI: Info: MODULE: Upgrader MESSAGE: New signature file: apt_suckfly.yar
20260302T16:06:16Z ZEPHYRUS-G16 LOKI: Info: MODULE: Upgrader MESSAGE: New signature file: apt_sunspot.yar
20260302T16:06:16Z ZEPHYRUS-G16 LOKI: Info: MODULE: Upgrader MESSAGE: New signature file: apt_sysscan.yar
20260302T16:06:16Z ZEPHYRUS-G16 LOKI: Info: MODULE: Upgrader MESSAGE: New signature file: apt_ta17_293A.yar
20260302T16:06:16Z ZEPHYRUS-G16 LOKI: Info: MODULE: Upgrader MESSAGE: New signature file: apt_ta17_318A.yar
20260302T16:06:16Z ZEPHYRUS-G16 LOKI: Info: MODULE: Upgrader MESSAGE: New signature file: apt_ta17_318B.yar
20260302T16:06:16Z ZEPHYRUS-G16 LOKI: Info: MODULE: Upgrader MESSAGE: New signature file: apt_ta18_074A.yar
20260302T16:06:16Z ZEPHYRUS-G16 LOKI: Info: MODULE: Upgrader MESSAGE: New signature file: apt_ta18_149A.yar
20260302T16:06:16Z ZEPHYRUS-G16 LOKI: Info: MODULE: Upgrader MESSAGE: New signature file: apt_ta397_dec24.yar
20260302T16:06:16Z ZEPHYRUS-G16 LOKI: Info: MODULE: Upgrader MESSAGE: New signature file: apt_ta459.yar
20260302T16:06:16Z ZEPHYRUS-G16 LOKI: Info: MODULE: Upgrader MESSAGE: New signature file: apt_telebots.yar
20260302T16:06:16Z ZEPHYRUS-G16 LOKI: Info: MODULE: Upgrader MESSAGE: New signature file: apt_terracotta.yar
20260302T16:06:16Z ZEPHYRUS-G16 LOKI: Info: MODULE: Upgrader MESSAGE: New signature file: apt_terracotta_liudoor.yar
20260302T16:06:16Z ZEPHYRUS-G16 LOKI: Info: MODULE: Upgrader MESSAGE: New signature file: apt_tetris.yar
20260302T16:06:16Z ZEPHYRUS-G16 LOKI: Info: MODULE: Upgrader MESSAGE: New signature file: apt_threatgroup_3390.yar
20260302T16:06:16Z ZEPHYRUS-G16 LOKI: Info: MODULE: Upgrader MESSAGE: New signature file: apt_thrip.yar
20260302T16:06:16Z ZEPHYRUS-G16 LOKI: Info: MODULE: Upgrader MESSAGE: New signature file: apt_tick_datper.yar
20260302T16:06:16Z ZEPHYRUS-G16 LOKI: Info: MODULE: Upgrader MESSAGE: New signature file: apt_tick_weaponized_usb.yar
20260302T16:06:16Z ZEPHYRUS-G16 LOKI: Info: MODULE: Upgrader MESSAGE: New signature file: apt_tidepool.yar
20260302T16:06:16Z ZEPHYRUS-G16 LOKI: Info: MODULE: Upgrader MESSAGE: New signature file: apt_tophat.yar
20260302T16:06:16Z ZEPHYRUS-G16 LOKI: Info: MODULE: Upgrader MESSAGE: New signature file: apt_triton.yar
20260302T16:06:16Z ZEPHYRUS-G16 LOKI: Info: MODULE: Upgrader MESSAGE: New signature file: apt_triton_mal_sshdoor.yar
20260302T16:06:16Z ZEPHYRUS-G16 LOKI: Info: MODULE: Upgrader MESSAGE: New signature file: apt_turbo_campaign.yar
20260302T16:06:16Z ZEPHYRUS-G16 LOKI: Info: MODULE: Upgrader MESSAGE: New signature file: apt_turla.yar
20260302T16:06:16Z ZEPHYRUS-G16 LOKI: Info: MODULE: Upgrader MESSAGE: New signature file: apt_turla_gazer.yar
20260302T16:06:16Z ZEPHYRUS-G16 LOKI: Info: MODULE: Upgrader MESSAGE: New signature file: apt_turla_kazuar.yar
20260302T16:06:16Z ZEPHYRUS-G16 LOKI: Info: MODULE: Upgrader MESSAGE: New signature file: apt_turla_mosquito.yar
20260302T16:06:16Z ZEPHYRUS-G16 LOKI: Info: MODULE: Upgrader MESSAGE: New signature file: apt_turla_neuron.yar
20260302T16:06:16Z ZEPHYRUS-G16 LOKI: Info: MODULE: Upgrader MESSAGE: New signature file: apt_turla_penquin.yar
20260302T16:06:16Z ZEPHYRUS-G16 LOKI: Info: MODULE: Upgrader MESSAGE: New signature file: apt_turla_png_dropper_nov18.yar
20260302T16:06:16Z ZEPHYRUS-G16 LOKI: Info: MODULE: Upgrader MESSAGE: New signature file: apt_ua_caddywiper.yar
20260302T16:06:16Z ZEPHYRUS-G16 LOKI: Info: MODULE: Upgrader MESSAGE: New signature file: apt_ua_hermetic_wiper.yar
20260302T16:06:16Z ZEPHYRUS-G16 LOKI: Info: MODULE: Upgrader MESSAGE: New signature file: apt_ua_isaacwiper.yar
20260302T16:06:16Z ZEPHYRUS-G16 LOKI: Info: MODULE: Upgrader MESSAGE: New signature file: apt_ua_wiper_whispergate.yar
20260302T16:06:16Z ZEPHYRUS-G16 LOKI: Info: MODULE: Upgrader MESSAGE: New signature file: apt_uboat_rat.yar
20260302T16:06:16Z ZEPHYRUS-G16 LOKI: Info: MODULE: Upgrader MESSAGE: New signature file: apt_unc1151_ua.yar
20260302T16:06:16Z ZEPHYRUS-G16 LOKI: Info: MODULE: Upgrader MESSAGE: New signature file: apt_unc2447_sombrat.yar
20260302T16:06:16Z ZEPHYRUS-G16 LOKI: Info: MODULE: Upgrader MESSAGE: New signature file: apt_unc2546_dewmode.yar
20260302T16:06:16Z ZEPHYRUS-G16 LOKI: Info: MODULE: Upgrader MESSAGE: New signature file: apt_unc2891_mal_jan23.yar
20260302T16:06:16Z ZEPHYRUS-G16 LOKI: Info: MODULE: Upgrader MESSAGE: New signature file: apt_unc2891_tinyshell_slapstick.yar
20260302T16:06:16Z ZEPHYRUS-G16 LOKI: Info: MODULE: Upgrader MESSAGE: New signature file: apt_unc3886_virtualpita.yar
20260302T16:06:16Z ZEPHYRUS-G16 LOKI: Info: MODULE: Upgrader MESSAGE: New signature file: apt_unit78020_malware.yar
20260302T16:06:16Z ZEPHYRUS-G16 LOKI: Info: MODULE: Upgrader MESSAGE: New signature file: apt_uscert_ta17-1117a.yar
20260302T16:06:16Z ZEPHYRUS-G16 LOKI: Info: MODULE: Upgrader MESSAGE: New signature file: apt_venom_linux_rootkit.yar
20260302T16:06:16Z ZEPHYRUS-G16 LOKI: Info: MODULE: Upgrader MESSAGE: New signature file: apt_volatile_cedar.yar
20260302T16:06:16Z ZEPHYRUS-G16 LOKI: Info: MODULE: Upgrader MESSAGE: New signature file: apt_volttyphoon_versamem.yar
20260302T16:06:16Z ZEPHYRUS-G16 LOKI: Info: MODULE: Upgrader MESSAGE: New signature file: apt_vpnfilter.yar
20260302T16:06:16Z ZEPHYRUS-G16 LOKI: Info: MODULE: Upgrader MESSAGE: New signature file: apt_waterbear.yar
20260302T16:06:16Z ZEPHYRUS-G16 LOKI: Info: MODULE: Upgrader MESSAGE: New signature file: apt_waterbug.yar
20260302T16:06:16Z ZEPHYRUS-G16 LOKI: Info: MODULE: Upgrader MESSAGE: New signature file: apt_webmonitor_rat.yar
20260302T16:06:16Z ZEPHYRUS-G16 LOKI: Info: MODULE: Upgrader MESSAGE: New signature file: apt_webshell_chinachopper.yar
20260302T16:06:16Z ZEPHYRUS-G16 LOKI: Info: MODULE: Upgrader MESSAGE: New signature file: apt_wildneutron.yar
20260302T16:06:16Z ZEPHYRUS-G16 LOKI: Info: MODULE: Upgrader MESSAGE: New signature file: apt_wilted_tulip.yar
20260302T16:06:16Z ZEPHYRUS-G16 LOKI: Info: MODULE: Upgrader MESSAGE: New signature file: apt_win_plugx.yar
20260302T16:06:16Z ZEPHYRUS-G16 LOKI: Info: MODULE: Upgrader MESSAGE: New signature file: apt_winnti.yar
20260302T16:06:16Z ZEPHYRUS-G16 LOKI: Info: MODULE: Upgrader MESSAGE: New signature file: apt_winnti_br.yar
20260302T16:06:16Z ZEPHYRUS-G16 LOKI: Info: MODULE: Upgrader MESSAGE: New signature file: apt_winnti_burning_umbrella.yar
20260302T16:06:16Z ZEPHYRUS-G16 LOKI: Info: MODULE: Upgrader MESSAGE: New signature file: apt_winnti_hdroot.yar
20260302T16:06:16Z ZEPHYRUS-G16 LOKI: Info: MODULE: Upgrader MESSAGE: New signature file: apt_winnti_linux.yar
20260302T16:06:16Z ZEPHYRUS-G16 LOKI: Info: MODULE: Upgrader MESSAGE: New signature file: apt_winnti_ms_report_201701.yar
20260302T16:06:16Z ZEPHYRUS-G16 LOKI: Info: MODULE: Upgrader MESSAGE: New signature file: apt_woolengoldfish.yar
20260302T16:06:16Z ZEPHYRUS-G16 LOKI: Info: MODULE: Upgrader MESSAGE: New signature file: apt_xrat.yar
20260302T16:06:16Z ZEPHYRUS-G16 LOKI: Info: MODULE: Upgrader MESSAGE: New signature file: apt_zxshell.yar
20260302T16:06:16Z ZEPHYRUS-G16 LOKI: Info: MODULE: Upgrader MESSAGE: New signature file: bkdr_xz_util_cve_2024_3094.yar
20260302T16:06:16Z ZEPHYRUS-G16 LOKI: Info: MODULE: Upgrader MESSAGE: New signature file: cn_pentestset_scripts.yar
20260302T16:06:16Z ZEPHYRUS-G16 LOKI: Info: MODULE: Upgrader MESSAGE: New signature file: cn_pentestset_tools.yar
20260302T16:06:16Z ZEPHYRUS-G16 LOKI: Info: MODULE: Upgrader MESSAGE: New signature file: cn_pentestset_webshells.yar
20260302T16:06:16Z ZEPHYRUS-G16 LOKI: Info: MODULE: Upgrader MESSAGE: New signature file: configured_vulns_ext_vars.yar
20260302T16:06:16Z ZEPHYRUS-G16 LOKI: Info: MODULE: Upgrader MESSAGE: New signature file: crime_academic_data_centers_camp_may20.yar
20260302T16:06:16Z ZEPHYRUS-G16 LOKI: Info: MODULE: Upgrader MESSAGE: New signature file: crime_andromeda_jun17.yar
20260302T16:06:16Z ZEPHYRUS-G16 LOKI: Info: MODULE: Upgrader MESSAGE: New signature file: crime_antifw_installrex.yar
20260302T16:06:16Z ZEPHYRUS-G16 LOKI: Info: MODULE: Upgrader MESSAGE: New signature file: crime_atm_dispenserxfs.yar
20260302T16:06:16Z ZEPHYRUS-G16 LOKI: Info: MODULE: Upgrader MESSAGE: New signature file: crime_atm_javadipcash.yar
20260302T16:06:16Z ZEPHYRUS-G16 LOKI: Info: MODULE: Upgrader MESSAGE: New signature file: crime_atm_loup.yar
20260302T16:06:16Z ZEPHYRUS-G16 LOKI: Info: MODULE: Upgrader MESSAGE: New signature file: crime_atm_xfsadm.yar
20260302T16:06:16Z ZEPHYRUS-G16 LOKI: Info: MODULE: Upgrader MESSAGE: New signature file: crime_atm_xfscashncr.yar
20260302T16:06:16Z ZEPHYRUS-G16 LOKI: Info: MODULE: Upgrader MESSAGE: New signature file: crime_bad_patch.yar
20260302T16:06:16Z ZEPHYRUS-G16 LOKI: Info: MODULE: Upgrader MESSAGE: New signature file: crime_badrabbit.yar
20260302T16:06:16Z ZEPHYRUS-G16 LOKI: Info: MODULE: Upgrader MESSAGE: New signature file: crime_bazarbackdoor.yar
20260302T16:06:16Z ZEPHYRUS-G16 LOKI: Info: MODULE: Upgrader MESSAGE: New signature file: crime_bernhard_pos.yar
20260302T16:06:16Z ZEPHYRUS-G16 LOKI: Info: MODULE: Upgrader MESSAGE: New signature file: crime_bluenoroff_pos.yar
20260302T16:06:16Z ZEPHYRUS-G16 LOKI: Info: MODULE: Upgrader MESSAGE: New signature file: crime_buzus_softpulse.yar
20260302T16:06:16Z ZEPHYRUS-G16 LOKI: Info: MODULE: Upgrader MESSAGE: New signature file: crime_cmstar.yar
20260302T16:06:16Z ZEPHYRUS-G16 LOKI: Info: MODULE: Upgrader MESSAGE: New signature file: crime_cn_campaign_njrat.yar
20260302T16:06:16Z ZEPHYRUS-G16 LOKI: Info: MODULE: Upgrader MESSAGE: New signature file: crime_cn_group_btc.yar
20260302T16:06:16Z ZEPHYRUS-G16 LOKI: Info: MODULE: Upgrader MESSAGE: New signature file: crime_cobalt_gang_pdf.yar
20260302T16:06:16Z ZEPHYRUS-G16 LOKI: Info: MODULE: Upgrader MESSAGE: New signature file: crime_cobaltgang.yar
20260302T16:06:16Z ZEPHYRUS-G16 LOKI: Info: MODULE: Upgrader MESSAGE: New signature file: crime_corkow_dll.yar
20260302T16:06:16Z ZEPHYRUS-G16 LOKI: Info: MODULE: Upgrader MESSAGE: New signature file: crime_covid_ransom.yar
20260302T16:06:16Z ZEPHYRUS-G16 LOKI: Info: MODULE: Upgrader MESSAGE: New signature file: crime_credstealer_generic.yar
20260302T16:06:16Z ZEPHYRUS-G16 LOKI: Info: MODULE: Upgrader MESSAGE: New signature file: crime_crypto_miner.yar
20260302T16:06:16Z ZEPHYRUS-G16 LOKI: Info: MODULE: Upgrader MESSAGE: New signature file: crime_cryptowall_svg.yar
20260302T16:06:16Z ZEPHYRUS-G16 LOKI: Info: MODULE: Upgrader MESSAGE: New signature file: crime_dearcry_ransom.yar
20260302T16:06:16Z ZEPHYRUS-G16 LOKI: Info: MODULE: Upgrader MESSAGE: New signature file: crime_dexter_trojan.yar
20260302T16:06:16Z ZEPHYRUS-G16 LOKI: Info: MODULE: Upgrader MESSAGE: New signature file: crime_dridex_xml.yar
20260302T16:06:16Z ZEPHYRUS-G16 LOKI: Info: MODULE: Upgrader MESSAGE: New signature file: crime_emotet.yar
20260302T16:06:16Z ZEPHYRUS-G16 LOKI: Info: MODULE: Upgrader MESSAGE: New signature file: crime_enfal.yar
20260302T16:06:16Z ZEPHYRUS-G16 LOKI: Info: MODULE: Upgrader MESSAGE: New signature file: crime_envrial.yar
20260302T16:06:16Z ZEPHYRUS-G16 LOKI: Info: MODULE: Upgrader MESSAGE: New signature file: crime_eternalrocks.yar
20260302T16:06:16Z ZEPHYRUS-G16 LOKI: Info: MODULE: Upgrader MESSAGE: New signature file: crime_evilcorp_dridex_banker.yar
20260302T16:06:16Z ZEPHYRUS-G16 LOKI: Info: MODULE: Upgrader MESSAGE: New signature file: crime_fareit.yar
20260302T16:06:16Z ZEPHYRUS-G16 LOKI: Info: MODULE: Upgrader MESSAGE: New signature file: crime_fireball.yar
20260302T16:06:16Z ZEPHYRUS-G16 LOKI: Info: MODULE: Upgrader MESSAGE: New signature file: crime_floxif_flystudio.yar
20260302T16:06:16Z ZEPHYRUS-G16 LOKI: Info: MODULE: Upgrader MESSAGE: New signature file: crime_gamaredon.yar
20260302T16:06:16Z ZEPHYRUS-G16 LOKI: Info: MODULE: Upgrader MESSAGE: New signature file: crime_goldeneye.yar
20260302T16:06:16Z ZEPHYRUS-G16 LOKI: Info: MODULE: Upgrader MESSAGE: New signature file: crime_gozi_crypter.yar
20260302T16:06:16Z ZEPHYRUS-G16 LOKI: Info: MODULE: Upgrader MESSAGE: New signature file: crime_guloader.yar
20260302T16:06:16Z ZEPHYRUS-G16 LOKI: Info: MODULE: Upgrader MESSAGE: New signature file: crime_h2miner_kinsing.yar
20260302T16:06:16Z ZEPHYRUS-G16 LOKI: Info: MODULE: Upgrader MESSAGE: New signature file: crime_hermes_ransom.yar
20260302T16:06:16Z ZEPHYRUS-G16 LOKI: Info: MODULE: Upgrader MESSAGE: New signature file: crime_icedid.yar
20260302T16:06:16Z ZEPHYRUS-G16 LOKI: Info: MODULE: Upgrader MESSAGE: New signature file: crime_kasper_oct17.yar
20260302T16:06:16Z ZEPHYRUS-G16 LOKI: Info: MODULE: Upgrader MESSAGE: New signature file: crime_kins_dropper.yar
20260302T16:06:16Z ZEPHYRUS-G16 LOKI: Info: MODULE: Upgrader MESSAGE: New signature file: crime_kr_malware.yar
20260302T16:06:16Z ZEPHYRUS-G16 LOKI: Info: MODULE: Upgrader MESSAGE: New signature file: crime_kraken_bot1.yar
20260302T16:06:16Z ZEPHYRUS-G16 LOKI: Info: MODULE: Upgrader MESSAGE: New signature file: crime_kriskynote.yar
20260302T16:06:16Z ZEPHYRUS-G16 LOKI: Info: MODULE: Upgrader MESSAGE: New signature file: crime_locky.yar
20260302T16:06:16Z ZEPHYRUS-G16 LOKI: Info: MODULE: Upgrader MESSAGE: New signature file: crime_loki_bot.yar
20260302T16:06:16Z ZEPHYRUS-G16 LOKI: Info: MODULE: Upgrader MESSAGE: New signature file: crime_mal_grandcrab.yar
20260302T16:06:16Z ZEPHYRUS-G16 LOKI: Info: MODULE: Upgrader MESSAGE: New signature file: crime_mal_nitol.yar
20260302T16:06:16Z ZEPHYRUS-G16 LOKI: Info: MODULE: Upgrader MESSAGE: New signature file: crime_mal_ransom_wadharma.yar
20260302T16:06:16Z ZEPHYRUS-G16 LOKI: Info: MODULE: Upgrader MESSAGE: New signature file: crime_malumpos.yar
20260302T16:06:16Z ZEPHYRUS-G16 LOKI: Info: MODULE: Upgrader MESSAGE: New signature file: crime_malware_generic.yar
20260302T16:06:16Z ZEPHYRUS-G16 LOKI: Info: MODULE: Upgrader MESSAGE: New signature file: crime_malware_set_oct16.yar
20260302T16:06:16Z ZEPHYRUS-G16 LOKI: Info: MODULE: Upgrader MESSAGE: New signature file: crime_maze_ransomware.yar
20260302T16:06:16Z ZEPHYRUS-G16 LOKI: Info: MODULE: Upgrader MESSAGE: New signature file: crime_mikey_trojan.yar
20260302T16:06:16Z ZEPHYRUS-G16 LOKI: Info: MODULE: Upgrader MESSAGE: New signature file: crime_mirai.yar
20260302T16:06:16Z ZEPHYRUS-G16 LOKI: Info: MODULE: Upgrader MESSAGE: New signature file: crime_mywscript_dropper.yar
20260302T16:06:16Z ZEPHYRUS-G16 LOKI: Info: MODULE: Upgrader MESSAGE: New signature file: crime_nansh0u.yar
20260302T16:06:16Z ZEPHYRUS-G16 LOKI: Info: MODULE: Upgrader MESSAGE: New signature file: crime_nkminer.yar
20260302T16:06:16Z ZEPHYRUS-G16 LOKI: Info: MODULE: Upgrader MESSAGE: New signature file: crime_nopetya_jun17.yar
20260302T16:06:16Z ZEPHYRUS-G16 LOKI: Info: MODULE: Upgrader MESSAGE: New signature file: crime_ole_loadswf_cve_2018_4878.yar
20260302T16:06:16Z ZEPHYRUS-G16 LOKI: Info: MODULE: Upgrader MESSAGE: New signature file: crime_parallax_rat.yar
20260302T16:06:16Z ZEPHYRUS-G16 LOKI: Info: MODULE: Upgrader MESSAGE: New signature file: crime_phish_gina_dec15.yar
20260302T16:06:16Z ZEPHYRUS-G16 LOKI: Info: MODULE: Upgrader MESSAGE: New signature file: crime_ransom_conti.yar
20260302T16:06:16Z ZEPHYRUS-G16 LOKI: Info: MODULE: Upgrader MESSAGE: New signature file: crime_ransom_darkside.yar
20260302T16:06:16Z ZEPHYRUS-G16 LOKI: Info: MODULE: Upgrader MESSAGE: New signature file: crime_ransom_generic.yar
20260302T16:06:16Z ZEPHYRUS-G16 LOKI: Info: MODULE: Upgrader MESSAGE: New signature file: crime_ransom_germanwiper.yar
20260302T16:06:16Z ZEPHYRUS-G16 LOKI: Info: MODULE: Upgrader MESSAGE: New signature file: crime_ransom_lockergoga.yar
20260302T16:06:16Z ZEPHYRUS-G16 LOKI: Info: MODULE: Upgrader MESSAGE: New signature file: crime_ransom_prolock.yar
20260302T16:06:16Z ZEPHYRUS-G16 LOKI: Info: MODULE: Upgrader MESSAGE: New signature file: crime_ransom_ragna_locker.yar
20260302T16:06:16Z ZEPHYRUS-G16 LOKI: Info: MODULE: Upgrader MESSAGE: New signature file: crime_ransom_revil.yar
20260302T16:06:16Z ZEPHYRUS-G16 LOKI: Info: MODULE: Upgrader MESSAGE: New signature file: crime_ransom_robinhood.yar
20260302T16:06:16Z ZEPHYRUS-G16 LOKI: Info: MODULE: Upgrader MESSAGE: New signature file: crime_ransom_stealbit_lockbit.yar
20260302T16:06:16Z ZEPHYRUS-G16 LOKI: Info: MODULE: Upgrader MESSAGE: New signature file: crime_ransom_venus.yar
20260302T16:06:16Z ZEPHYRUS-G16 LOKI: Info: MODULE: Upgrader MESSAGE: New signature file: crime_rat_parallax.yar
20260302T16:06:16Z ZEPHYRUS-G16 LOKI: Info: MODULE: Upgrader MESSAGE: New signature file: crime_revil_general.yar
20260302T16:06:16Z ZEPHYRUS-G16 LOKI: Info: MODULE: Upgrader MESSAGE: New signature file: crime_rombertik_carbongrabber.yar
20260302T16:06:16Z ZEPHYRUS-G16 LOKI: Info: MODULE: Upgrader MESSAGE: New signature file: crime_ryuk_ransomware.yar
20260302T16:06:16Z ZEPHYRUS-G16 LOKI: Info: MODULE: Upgrader MESSAGE: New signature file: crime_shifu_trojan.yar
20260302T16:06:16Z ZEPHYRUS-G16 LOKI: Info: MODULE: Upgrader MESSAGE: New signature file: crime_snarasite.yar
20260302T16:06:16Z ZEPHYRUS-G16 LOKI: Info: MODULE: Upgrader MESSAGE: New signature file: crime_socgholish.yar
20260302T16:06:16Z ZEPHYRUS-G16 LOKI: Info: MODULE: Upgrader MESSAGE: New signature file: crime_stealer_exfil_zip.yar
20260302T16:06:16Z ZEPHYRUS-G16 LOKI: Info: MODULE: Upgrader MESSAGE: New signature file: crime_teledoor.yar
20260302T16:06:16Z ZEPHYRUS-G16 LOKI: Info: MODULE: Upgrader MESSAGE: New signature file: crime_trickbot.yar
20260302T16:06:16Z ZEPHYRUS-G16 LOKI: Info: MODULE: Upgrader MESSAGE: New signature file: crime_upatre_oct15.yar
20260302T16:06:16Z ZEPHYRUS-G16 LOKI: Info: MODULE: Upgrader MESSAGE: New signature file: crime_wannacry.yar
20260302T16:06:16Z ZEPHYRUS-G16 LOKI: Info: MODULE: Upgrader MESSAGE: New signature file: crime_wsh_rat.yar
20260302T16:06:16Z ZEPHYRUS-G16 LOKI: Info: MODULE: Upgrader MESSAGE: New signature file: crime_xbash.yar
20260302T16:06:16Z ZEPHYRUS-G16 LOKI: Info: MODULE: Upgrader MESSAGE: New signature file: crime_zeus_panda.yar
20260302T16:06:16Z ZEPHYRUS-G16 LOKI: Info: MODULE: Upgrader MESSAGE: New signature file: crime_zloader_maldocs.yar
20260302T16:06:16Z ZEPHYRUS-G16 LOKI: Info: MODULE: Upgrader MESSAGE: New signature file: expl_adselfservice_cve_2021_40539.yar
20260302T16:06:16Z ZEPHYRUS-G16 LOKI: Info: MODULE: Upgrader MESSAGE: New signature file: expl_citrix_netscaler_adc_exploitation_cve_2023_3519.yar
20260302T16:06:16Z ZEPHYRUS-G16 LOKI: Info: MODULE: Upgrader MESSAGE: New signature file: expl_cleo_dec24.yar
20260302T16:06:16Z ZEPHYRUS-G16 LOKI: Info: MODULE: Upgrader MESSAGE: New signature file: expl_commvault_cve_2025_57791.yar
20260302T16:06:16Z ZEPHYRUS-G16 LOKI: Info: MODULE: Upgrader MESSAGE: New signature file: expl_connectwise_screenconnect_vuln_feb24.yar
20260302T16:06:16Z ZEPHYRUS-G16 LOKI: Info: MODULE: Upgrader MESSAGE: New signature file: expl_cups_sep24.yar
20260302T16:06:16Z ZEPHYRUS-G16 LOKI: Info: MODULE: Upgrader MESSAGE: New signature file: expl_cve_2021_1647.yar
20260302T16:06:16Z ZEPHYRUS-G16 LOKI: Info: MODULE: Upgrader MESSAGE: New signature file: expl_cve_2021_26084_confluence_log.yar
20260302T16:06:16Z ZEPHYRUS-G16 LOKI: Info: MODULE: Upgrader MESSAGE: New signature file: expl_cve_2021_40444.yar
20260302T16:06:16Z ZEPHYRUS-G16 LOKI: Info: MODULE: Upgrader MESSAGE: New signature file: expl_cve_2022_41040_proxynoshell.yar
20260302T16:06:16Z ZEPHYRUS-G16 LOKI: Info: MODULE: Upgrader MESSAGE: New signature file: expl_cve_2022_46169_cacti.yar
20260302T16:06:16Z ZEPHYRUS-G16 LOKI: Info: MODULE: Upgrader MESSAGE: New signature file: expl_ivanti_epmm_mobileiron_cve_2023_35078.yar
20260302T16:06:16Z ZEPHYRUS-G16 LOKI: Info: MODULE: Upgrader MESSAGE: New signature file: expl_keepass_cve_2023_24055.yar
20260302T16:06:16Z ZEPHYRUS-G16 LOKI: Info: MODULE: Upgrader MESSAGE: New signature file: expl_libcue_cve_2023_43641.yar
20260302T16:06:16Z ZEPHYRUS-G16 LOKI: Info: MODULE: Upgrader MESSAGE: New signature file: expl_libssh_cve_2023_2283_jun23.yar
20260302T16:06:16Z ZEPHYRUS-G16 LOKI: Info: MODULE: Upgrader MESSAGE: New signature file: expl_lnk_zdi_can_25373.yar
20260302T16:06:16Z ZEPHYRUS-G16 LOKI: Info: MODULE: Upgrader MESSAGE: New signature file: expl_log4j_cve_2021_44228.yar
20260302T16:06:16Z ZEPHYRUS-G16 LOKI: Info: MODULE: Upgrader MESSAGE: New signature file: expl_macos_switcharoo_dec22.yar
20260302T16:06:16Z ZEPHYRUS-G16 LOKI: Info: MODULE: Upgrader MESSAGE: New signature file: expl_manageengine_jan23.yar
20260302T16:06:16Z ZEPHYRUS-G16 LOKI: Info: MODULE: Upgrader MESSAGE: New signature file: expl_outlook_cve_2023_23397.yar
20260302T16:06:16Z ZEPHYRUS-G16 LOKI: Info: MODULE: Upgrader MESSAGE: New signature file: expl_outlook_cve_2024_21413.yar
20260302T16:06:16Z ZEPHYRUS-G16 LOKI: Info: MODULE: Upgrader MESSAGE: New signature file: expl_proxynotshell_owassrf_dec22.yar
20260302T16:06:16Z ZEPHYRUS-G16 LOKI: Info: MODULE: Upgrader MESSAGE: New signature file: expl_proxyshell.yar
20260302T16:06:16Z ZEPHYRUS-G16 LOKI: Info: MODULE: Upgrader MESSAGE: New signature file: expl_sap_netweaver_apr25.yar
20260302T16:06:16Z ZEPHYRUS-G16 LOKI: Info: MODULE: Upgrader MESSAGE: New signature file: expl_sharepoint_cve_2023_29357.yar
20260302T16:06:16Z ZEPHYRUS-G16 LOKI: Info: MODULE: Upgrader MESSAGE: New signature file: expl_sharepoint_jul25.yar
20260302T16:06:16Z ZEPHYRUS-G16 LOKI: Info: MODULE: Upgrader MESSAGE: New signature file: expl_spring4shell.yar
20260302T16:06:16Z ZEPHYRUS-G16 LOKI: Info: MODULE: Upgrader MESSAGE: New signature file: expl_sysaid_cve_2023_47246.yar
20260302T16:06:16Z ZEPHYRUS-G16 LOKI: Info: MODULE: Upgrader MESSAGE: New signature file: expl_teamcity_2023_42793.yar
20260302T16:06:16Z ZEPHYRUS-G16 LOKI: Info: MODULE: Upgrader MESSAGE: New signature file: expl_wsus_cve_2025_59287.yar
20260302T16:06:16Z ZEPHYRUS-G16 LOKI: Info: MODULE: Upgrader MESSAGE: New signature file: exploit_cve_2014_4076.yar
20260302T16:06:16Z ZEPHYRUS-G16 LOKI: Info: MODULE: Upgrader MESSAGE: New signature file: exploit_cve_2015_1674.yar
20260302T16:06:16Z ZEPHYRUS-G16 LOKI: Info: MODULE: Upgrader MESSAGE: New signature file: exploit_cve_2015_1701.yar
20260302T16:06:16Z ZEPHYRUS-G16 LOKI: Info: MODULE: Upgrader MESSAGE: New signature file: exploit_cve_2015_2426.yar
20260302T16:06:16Z ZEPHYRUS-G16 LOKI: Info: MODULE: Upgrader MESSAGE: New signature file: exploit_cve_2015_2545.yar
20260302T16:06:16Z ZEPHYRUS-G16 LOKI: Info: MODULE: Upgrader MESSAGE: New signature file: exploit_cve_2015_5119.yar
20260302T16:06:16Z ZEPHYRUS-G16 LOKI: Info: MODULE: Upgrader MESSAGE: New signature file: exploit_cve_2017_11882.yar
20260302T16:06:16Z ZEPHYRUS-G16 LOKI: Info: MODULE: Upgrader MESSAGE: New signature file: exploit_cve_2017_8759.yar
20260302T16:06:16Z ZEPHYRUS-G16 LOKI: Info: MODULE: Upgrader MESSAGE: New signature file: exploit_cve_2017_9800.yar
20260302T16:06:16Z ZEPHYRUS-G16 LOKI: Info: MODULE: Upgrader MESSAGE: New signature file: exploit_cve_2018_0802.yar
20260302T16:06:16Z ZEPHYRUS-G16 LOKI: Info: MODULE: Upgrader MESSAGE: New signature file: exploit_cve_2018_16858.yar
20260302T16:06:16Z ZEPHYRUS-G16 LOKI: Info: MODULE: Upgrader MESSAGE: New signature file: exploit_cve_2021_31166.yar
20260302T16:06:16Z ZEPHYRUS-G16 LOKI: Info: MODULE: Upgrader MESSAGE: New signature file: exploit_cve_2021_33766_proxytoken.yar
20260302T16:06:16Z ZEPHYRUS-G16 LOKI: Info: MODULE: Upgrader MESSAGE: New signature file: exploit_cve_2022_22954_vmware_workspace_one.yar
20260302T16:06:16Z ZEPHYRUS-G16 LOKI: Info: MODULE: Upgrader MESSAGE: New signature file: exploit_cve_2023_38146.yar
20260302T16:06:16Z ZEPHYRUS-G16 LOKI: Info: MODULE: Upgrader MESSAGE: New signature file: exploit_f5_bigip_cve_2021_22986_log.yar
20260302T16:06:16Z ZEPHYRUS-G16 LOKI: Info: MODULE: Upgrader MESSAGE: New signature file: exploit_gitlab_cve_2021_22205.yar
20260302T16:06:16Z ZEPHYRUS-G16 LOKI: Info: MODULE: Upgrader MESSAGE: New signature file: exploit_rar_archive_with_path_traversal_aug25.yar
20260302T16:06:16Z ZEPHYRUS-G16 LOKI: Info: MODULE: Upgrader MESSAGE: New signature file: exploit_rtf_ole2link.yar
20260302T16:06:16Z ZEPHYRUS-G16 LOKI: Info: MODULE: Upgrader MESSAGE: New signature file: exploit_shitrix.yar
20260302T16:06:16Z ZEPHYRUS-G16 LOKI: Info: MODULE: Upgrader MESSAGE: New signature file: exploit_tlb_scripts.yar
20260302T16:06:16Z ZEPHYRUS-G16 LOKI: Info: MODULE: Upgrader MESSAGE: New signature file: exploit_uac_elevators.yar
20260302T16:06:16Z ZEPHYRUS-G16 LOKI: Info: MODULE: Upgrader MESSAGE: New signature file: gen_100days_of_yara_2023.yar
20260302T16:06:16Z ZEPHYRUS-G16 LOKI: Info: MODULE: Upgrader MESSAGE: New signature file: gen_Excel4Macro_Sharpshooter.yar
20260302T16:06:16Z ZEPHYRUS-G16 LOKI: Info: MODULE: Upgrader MESSAGE: New signature file: gen_ace_with_exe.yar
20260302T16:06:16Z ZEPHYRUS-G16 LOKI: Info: MODULE: Upgrader MESSAGE: New signature file: gen_anomalies_keyword_combos.yar
20260302T16:06:16Z ZEPHYRUS-G16 LOKI: Info: MODULE: Upgrader MESSAGE: New signature file: gen_anydesk_compromised_cert_feb23.yar
20260302T16:06:16Z ZEPHYRUS-G16 LOKI: Info: MODULE: Upgrader MESSAGE: New signature file: gen_armitage.yar
20260302T16:06:16Z ZEPHYRUS-G16 LOKI: Info: MODULE: Upgrader MESSAGE: New signature file: gen_autocad_lsp_malware.yar
20260302T16:06:16Z ZEPHYRUS-G16 LOKI: Info: MODULE: Upgrader MESSAGE: New signature file: gen_b374k_extra.yar
20260302T16:06:16Z ZEPHYRUS-G16 LOKI: Info: MODULE: Upgrader MESSAGE: New signature file: gen_bad_pdf.yar
20260302T16:06:16Z ZEPHYRUS-G16 LOKI: Info: MODULE: Upgrader MESSAGE: New signature file: gen_brooxml_dec24.yar
20260302T16:06:16Z ZEPHYRUS-G16 LOKI: Info: MODULE: Upgrader MESSAGE: New signature file: gen_case_anomalies.yar
20260302T16:06:16Z ZEPHYRUS-G16 LOKI: Info: MODULE: Upgrader MESSAGE: New signature file: gen_cert_payloads.yar
20260302T16:06:16Z ZEPHYRUS-G16 LOKI: Info: MODULE: Upgrader MESSAGE: New signature file: gen_chaos_payload.yar
20260302T16:06:16Z ZEPHYRUS-G16 LOKI: Info: MODULE: Upgrader MESSAGE: New signature file: gen_cmd_script_obfuscated.yar
20260302T16:06:16Z ZEPHYRUS-G16 LOKI: Info: MODULE: Upgrader MESSAGE: New signature file: gen_cn_hacktool_scripts.yar
20260302T16:06:16Z ZEPHYRUS-G16 LOKI: Info: MODULE: Upgrader MESSAGE: New signature file: gen_cn_hacktools.yar
20260302T16:06:16Z ZEPHYRUS-G16 LOKI: Info: MODULE: Upgrader MESSAGE: New signature file: gen_cn_webshells.yar
20260302T16:06:16Z ZEPHYRUS-G16 LOKI: Info: MODULE: Upgrader MESSAGE: New signature file: gen_cobaltstrike.yar
20260302T16:06:16Z ZEPHYRUS-G16 LOKI: Info: MODULE: Upgrader MESSAGE: New signature file: gen_cobaltstrike_by_avast.yar
20260302T16:06:16Z ZEPHYRUS-G16 LOKI: Info: MODULE: Upgrader MESSAGE: New signature file: gen_crime_bitpaymer.yar
20260302T16:06:16Z ZEPHYRUS-G16 LOKI: Info: MODULE: Upgrader MESSAGE: New signature file: gen_crimson_rat.yar
20260302T16:06:16Z ZEPHYRUS-G16 LOKI: Info: MODULE: Upgrader MESSAGE: New signature file: gen_crunchrat.yar
20260302T16:06:16Z ZEPHYRUS-G16 LOKI: Info: MODULE: Upgrader MESSAGE: New signature file: gen_dde_in_office_docs.yar
20260302T16:06:16Z ZEPHYRUS-G16 LOKI: Info: MODULE: Upgrader MESSAGE: New signature file: gen_deviceguard_evasion.yar
20260302T16:06:16Z ZEPHYRUS-G16 LOKI: Info: MODULE: Upgrader MESSAGE: New signature file: gen_doc_follina.yar
20260302T16:06:16Z ZEPHYRUS-G16 LOKI: Info: MODULE: Upgrader MESSAGE: New signature file: gen_dropper_pdb.yar
20260302T16:06:16Z ZEPHYRUS-G16 LOKI: Info: MODULE: Upgrader MESSAGE: New signature file: gen_elf_file_anomalies.yar
20260302T16:06:16Z ZEPHYRUS-G16 LOKI: Info: MODULE: Upgrader MESSAGE: New signature file: gen_empire.yar
20260302T16:06:16Z ZEPHYRUS-G16 LOKI: Info: MODULE: Upgrader MESSAGE: New signature file: gen_enigma_protector.yar
20260302T16:06:16Z ZEPHYRUS-G16 LOKI: Info: MODULE: Upgrader MESSAGE: New signature file: gen_event_mute_hook.yar
20260302T16:06:16Z ZEPHYRUS-G16 LOKI: Info: MODULE: Upgrader MESSAGE: New signature file: gen_excel_auto_open_evasion.yar
20260302T16:06:16Z ZEPHYRUS-G16 LOKI: Info: MODULE: Upgrader MESSAGE: New signature file: gen_excel_xll_addin_suspicious.yar
20260302T16:06:16Z ZEPHYRUS-G16 LOKI: Info: MODULE: Upgrader MESSAGE: New signature file: gen_excel_xor_obfuscation_velvetsweatshop.yar
20260302T16:06:16Z ZEPHYRUS-G16 LOKI: Info: MODULE: Upgrader MESSAGE: New signature file: gen_exploit_cve_2017_10271_weblogic.yar
20260302T16:06:16Z ZEPHYRUS-G16 LOKI: Info: MODULE: Upgrader MESSAGE: New signature file: gen_fake_amsi_dll.yar
20260302T16:06:16Z ZEPHYRUS-G16 LOKI: Info: MODULE: Upgrader MESSAGE: New signature file: gen_faked_versions.yar
20260302T16:06:16Z ZEPHYRUS-G16 LOKI: Info: MODULE: Upgrader MESSAGE: New signature file: gen_file_anomalies.yar
20260302T16:06:16Z ZEPHYRUS-G16 LOKI: Info: MODULE: Upgrader MESSAGE: New signature file: gen_fireeye_redteam_tools.yar
20260302T16:06:16Z ZEPHYRUS-G16 LOKI: Info: MODULE: Upgrader MESSAGE: New signature file: gen_floxif.yar
20260302T16:06:16Z ZEPHYRUS-G16 LOKI: Info: MODULE: Upgrader MESSAGE: New signature file: gen_frp_proxy.yar
20260302T16:06:16Z ZEPHYRUS-G16 LOKI: Info: MODULE: Upgrader MESSAGE: New signature file: gen_gcti_cobaltstrike.yar
20260302T16:06:16Z ZEPHYRUS-G16 LOKI: Info: MODULE: Upgrader MESSAGE: New signature file: gen_gcti_sliver.yar
20260302T16:06:16Z ZEPHYRUS-G16 LOKI: Info: MODULE: Upgrader MESSAGE: New signature file: gen_gen_cactustorch.yar
20260302T16:06:16Z ZEPHYRUS-G16 LOKI: Info: MODULE: Upgrader MESSAGE: New signature file: gen_github_net_redteam_tools_guids.yar
20260302T16:06:16Z ZEPHYRUS-G16 LOKI: Info: MODULE: Upgrader MESSAGE: New signature file: gen_github_net_redteam_tools_names.yar
20260302T16:06:16Z ZEPHYRUS-G16 LOKI: Info: MODULE: Upgrader MESSAGE: New signature file: gen_github_repo_compromise_myjino_ru.yar
20260302T16:06:16Z ZEPHYRUS-G16 LOKI: Info: MODULE: Upgrader MESSAGE: New signature file: gen_gobfuscate.yar
20260302T16:06:16Z ZEPHYRUS-G16 LOKI: Info: MODULE: Upgrader MESSAGE: New signature file: gen_google_anomaly.yar
20260302T16:06:16Z ZEPHYRUS-G16 LOKI: Info: MODULE: Upgrader MESSAGE: New signature file: gen_gpp_cpassword.yar
20260302T16:06:16Z ZEPHYRUS-G16 LOKI: Info: MODULE: Upgrader MESSAGE: New signature file: gen_hawkeye.yar
20260302T16:06:16Z ZEPHYRUS-G16 LOKI: Info: MODULE: Upgrader MESSAGE: New signature file: gen_hktl_koh_tokenstealer.yar
20260302T16:06:16Z ZEPHYRUS-G16 LOKI: Info: MODULE: Upgrader MESSAGE: New signature file: gen_hktl_roothelper.yar
20260302T16:06:16Z ZEPHYRUS-G16 LOKI: Info: MODULE: Upgrader MESSAGE: New signature file: gen_hktl_venom_lib.yar
20260302T16:06:16Z ZEPHYRUS-G16 LOKI: Info: MODULE: Upgrader MESSAGE: New signature file: gen_hta_anomalies.yar
20260302T16:06:16Z ZEPHYRUS-G16 LOKI: Info: MODULE: Upgrader MESSAGE: New signature file: gen_hunting_susp_rar.yar
20260302T16:06:16Z ZEPHYRUS-G16 LOKI: Info: MODULE: Upgrader MESSAGE: New signature file: gen_icon_anomalies.yar
20260302T16:06:16Z ZEPHYRUS-G16 LOKI: Info: MODULE: Upgrader MESSAGE: New signature file: gen_impacket_tools.yar
20260302T16:06:16Z ZEPHYRUS-G16 LOKI: Info: MODULE: Upgrader MESSAGE: New signature file: gen_imphash_detection.yar
20260302T16:06:16Z ZEPHYRUS-G16 LOKI: Info: MODULE: Upgrader MESSAGE: New signature file: gen_invoke_mimikatz.yar
20260302T16:06:16Z ZEPHYRUS-G16 LOKI: Info: MODULE: Upgrader MESSAGE: New signature file: gen_invoke_psimage.yar
20260302T16:06:16Z ZEPHYRUS-G16 LOKI: Info: MODULE: Upgrader MESSAGE: New signature file: gen_invoke_thehash.yar
20260302T16:06:16Z ZEPHYRUS-G16 LOKI: Info: MODULE: Upgrader MESSAGE: New signature file: gen_javascript_powershell.yar
20260302T16:06:16Z ZEPHYRUS-G16 LOKI: Info: MODULE: Upgrader MESSAGE: New signature file: gen_kerberoast.yar
20260302T16:06:16Z ZEPHYRUS-G16 LOKI: Info: MODULE: Upgrader MESSAGE: New signature file: gen_khepri.yar
20260302T16:06:16Z ZEPHYRUS-G16 LOKI: Info: MODULE: Upgrader MESSAGE: New signature file: gen_kirbi_mimkatz.yar
20260302T16:06:16Z ZEPHYRUS-G16 LOKI: Info: MODULE: Upgrader MESSAGE: New signature file: gen_lnx_malware_indicators.yar
20260302T16:06:16Z ZEPHYRUS-G16 LOKI: Info: MODULE: Upgrader MESSAGE: New signature file: gen_loaders.yar
20260302T16:06:16Z ZEPHYRUS-G16 LOKI: Info: MODULE: Upgrader MESSAGE: New signature file: gen_macro_ShellExecute_action.yar
20260302T16:06:16Z ZEPHYRUS-G16 LOKI: Info: MODULE: Upgrader MESSAGE: New signature file: gen_macro_builders.yar
20260302T16:06:16Z ZEPHYRUS-G16 LOKI: Info: MODULE: Upgrader MESSAGE: New signature file: gen_macro_staroffice_suspicious.yar
20260302T16:06:16Z ZEPHYRUS-G16 LOKI: Info: MODULE: Upgrader MESSAGE: New signature file: gen_mal_3cx_compromise_mar23.yar
20260302T16:06:16Z ZEPHYRUS-G16 LOKI: Info: MODULE: Upgrader MESSAGE: New signature file: gen_mal_backnet.yar
20260302T16:06:16Z ZEPHYRUS-G16 LOKI: Info: MODULE: Upgrader MESSAGE: New signature file: gen_mal_link.yar
20260302T16:06:16Z ZEPHYRUS-G16 LOKI: Info: MODULE: Upgrader MESSAGE: New signature file: gen_mal_scripts.yar
20260302T16:06:16Z ZEPHYRUS-G16 LOKI: Info: MODULE: Upgrader MESSAGE: New signature file: gen_maldoc.yar
20260302T16:06:16Z ZEPHYRUS-G16 LOKI: Info: MODULE: Upgrader MESSAGE: New signature file: gen_malware_MacOS_plist_suspicious.yar
20260302T16:06:16Z ZEPHYRUS-G16 LOKI: Info: MODULE: Upgrader MESSAGE: New signature file: gen_malware_set_qa.yar
20260302T16:06:16Z ZEPHYRUS-G16 LOKI: Info: MODULE: Upgrader MESSAGE: New signature file: gen_merlin_agent.yar
20260302T16:06:16Z ZEPHYRUS-G16 LOKI: Info: MODULE: Upgrader MESSAGE: New signature file: gen_metasploit_loader_rsmudge.yar
20260302T16:06:16Z ZEPHYRUS-G16 LOKI: Info: MODULE: Upgrader MESSAGE: New signature file: gen_metasploit_payloads.yar
20260302T16:06:16Z ZEPHYRUS-G16 LOKI: Info: MODULE: Upgrader MESSAGE: New signature file: gen_mimikatz.yar
20260302T16:06:16Z ZEPHYRUS-G16 LOKI: Info: MODULE: Upgrader MESSAGE: New signature file: gen_mimikittenz.yar
20260302T16:06:16Z ZEPHYRUS-G16 LOKI: Info: MODULE: Upgrader MESSAGE: New signature file: gen_mimipenguin.yar
20260302T16:06:16Z ZEPHYRUS-G16 LOKI: Info: MODULE: Upgrader MESSAGE: New signature file: gen_net_xorstrings.yar
20260302T16:06:16Z ZEPHYRUS-G16 LOKI: Info: MODULE: Upgrader MESSAGE: New signature file: gen_nighthawk_c2.yar
20260302T16:06:16Z ZEPHYRUS-G16 LOKI: Info: MODULE: Upgrader MESSAGE: New signature file: gen_nimpackt.yar
20260302T16:06:16Z ZEPHYRUS-G16 LOKI: Info: MODULE: Upgrader MESSAGE: New signature file: gen_nopowershell.yar
20260302T16:06:16Z ZEPHYRUS-G16 LOKI: Info: MODULE: Upgrader MESSAGE: New signature file: gen_nvidia_leaked_cert.yar
20260302T16:06:16Z ZEPHYRUS-G16 LOKI: Info: MODULE: Upgrader MESSAGE: New signature file: gen_onenote_phish.yar
20260302T16:06:16Z ZEPHYRUS-G16 LOKI: Info: MODULE: Upgrader MESSAGE: New signature file: gen_osx_backdoor_bella.yar
20260302T16:06:16Z ZEPHYRUS-G16 LOKI: Info: MODULE: Upgrader MESSAGE: New signature file: gen_osx_evilosx.yar
20260302T16:06:16Z ZEPHYRUS-G16 LOKI: Info: MODULE: Upgrader MESSAGE: New signature file: gen_osx_pyagent_persistence.yar
20260302T16:06:16Z ZEPHYRUS-G16 LOKI: Info: MODULE: Upgrader MESSAGE: New signature file: gen_p0wnshell.yar
20260302T16:06:16Z ZEPHYRUS-G16 LOKI: Info: MODULE: Upgrader MESSAGE: New signature file: gen_phish_attachments.yar
20260302T16:06:16Z ZEPHYRUS-G16 LOKI: Info: MODULE: Upgrader MESSAGE: New signature file: gen_pirpi.yar
20260302T16:06:16Z ZEPHYRUS-G16 LOKI: Info: MODULE: Upgrader MESSAGE: New signature file: gen_powerkatz.yar
20260302T16:06:16Z ZEPHYRUS-G16 LOKI: Info: MODULE: Upgrader MESSAGE: New signature file: gen_powershdll.yar
20260302T16:06:16Z ZEPHYRUS-G16 LOKI: Info: MODULE: Upgrader MESSAGE: New signature file: gen_powershell_empire.yar
20260302T16:06:16Z ZEPHYRUS-G16 LOKI: Info: MODULE: Upgrader MESSAGE: New signature file: gen_powershell_invocation.yar
20260302T16:06:16Z ZEPHYRUS-G16 LOKI: Info: MODULE: Upgrader MESSAGE: New signature file: gen_powershell_obfuscation.yar
20260302T16:06:16Z ZEPHYRUS-G16 LOKI: Info: MODULE: Upgrader MESSAGE: New signature file: gen_powershell_suite.yar
20260302T16:06:16Z ZEPHYRUS-G16 LOKI: Info: MODULE: Upgrader MESSAGE: New signature file: gen_powershell_susp.yar
20260302T16:06:16Z ZEPHYRUS-G16 LOKI: Info: MODULE: Upgrader MESSAGE: New signature file: gen_powershell_toolkit.yar
20260302T16:06:16Z ZEPHYRUS-G16 LOKI: Info: MODULE: Upgrader MESSAGE: New signature file: gen_powersploit_dropper.yar
20260302T16:06:16Z ZEPHYRUS-G16 LOKI: Info: MODULE: Upgrader MESSAGE: New signature file: gen_ps1_shellcode.yar
20260302T16:06:16Z ZEPHYRUS-G16 LOKI: Info: MODULE: Upgrader MESSAGE: New signature file: gen_ps_empire_eval.yar
20260302T16:06:16Z ZEPHYRUS-G16 LOKI: Info: MODULE: Upgrader MESSAGE: New signature file: gen_ps_osiris.yar
20260302T16:06:16Z ZEPHYRUS-G16 LOKI: Info: MODULE: Upgrader MESSAGE: New signature file: gen_pua.yar
20260302T16:06:16Z ZEPHYRUS-G16 LOKI: Info: MODULE: Upgrader MESSAGE: New signature file: gen_pupy_rat.yar
20260302T16:06:16Z ZEPHYRUS-G16 LOKI: Info: MODULE: Upgrader MESSAGE: New signature file: gen_python_encoded_adware.yar
20260302T16:06:16Z ZEPHYRUS-G16 LOKI: Info: MODULE: Upgrader MESSAGE: New signature file: gen_python_pty_shell.yar
20260302T16:06:16Z ZEPHYRUS-G16 LOKI: Info: MODULE: Upgrader MESSAGE: New signature file: gen_python_pyminifier_encoded_payload.yar
20260302T16:06:16Z ZEPHYRUS-G16 LOKI: Info: MODULE: Upgrader MESSAGE: New signature file: gen_python_reverse_shell.yara
20260302T16:06:16Z ZEPHYRUS-G16 LOKI: Info: MODULE: Upgrader MESSAGE: New signature file: gen_qakbot_uninstaller.yar
20260302T16:06:16Z ZEPHYRUS-G16 LOKI: Info: MODULE: Upgrader MESSAGE: New signature file: gen_rar_exfil.yar
20260302T16:06:16Z ZEPHYRUS-G16 LOKI: Info: MODULE: Upgrader MESSAGE: New signature file: gen_rats_malwareconfig.yar
20260302T16:06:16Z ZEPHYRUS-G16 LOKI: Info: MODULE: Upgrader MESSAGE: New signature file: gen_recon_indicators.yar
20260302T16:06:16Z ZEPHYRUS-G16 LOKI: Info: MODULE: Upgrader MESSAGE: New signature file: gen_redmimicry.yar
20260302T16:06:16Z ZEPHYRUS-G16 LOKI: Info: MODULE: Upgrader MESSAGE: New signature file: gen_redsails.yar
20260302T16:06:16Z ZEPHYRUS-G16 LOKI: Info: MODULE: Upgrader MESSAGE: New signature file: gen_regsrv32_issue.yar
20260302T16:06:16Z ZEPHYRUS-G16 LOKI: Info: MODULE: Upgrader MESSAGE: New signature file: gen_remote_potato0.yar
20260302T16:06:16Z ZEPHYRUS-G16 LOKI: Info: MODULE: Upgrader MESSAGE: New signature file: gen_rottenpotato.yar
20260302T16:06:16Z ZEPHYRUS-G16 LOKI: Info: MODULE: Upgrader MESSAGE: New signature file: gen_rtf_malver_objects.yar
20260302T16:06:16Z ZEPHYRUS-G16 LOKI: Info: MODULE: Upgrader MESSAGE: New signature file: gen_sfx_with_microsoft_copyright.yar
20260302T16:06:17Z ZEPHYRUS-G16 LOKI: Info: MODULE: Upgrader MESSAGE: New signature file: gen_sharpcat.yar
20260302T16:06:17Z ZEPHYRUS-G16 LOKI: Info: MODULE: Upgrader MESSAGE: New signature file: gen_shikataganai.yar
20260302T16:06:17Z ZEPHYRUS-G16 LOKI: Info: MODULE: Upgrader MESSAGE: New signature file: gen_sign_anomalies.yar
20260302T16:06:17Z ZEPHYRUS-G16 LOKI: Info: MODULE: Upgrader MESSAGE: New signature file: gen_solarwinds_credential_stealer.yar
20260302T16:06:17Z ZEPHYRUS-G16 LOKI: Info: MODULE: Upgrader MESSAGE: New signature file: gen_susp_bat2exe.yar
20260302T16:06:17Z ZEPHYRUS-G16 LOKI: Info: MODULE: Upgrader MESSAGE: New signature file: gen_susp_bat_aux.yar
20260302T16:06:17Z ZEPHYRUS-G16 LOKI: Info: MODULE: Upgrader MESSAGE: New signature file: gen_susp_cmd_var_expansion.yar
20260302T16:06:17Z ZEPHYRUS-G16 LOKI: Info: MODULE: Upgrader MESSAGE: New signature file: gen_susp_hacktool.yar
20260302T16:06:17Z ZEPHYRUS-G16 LOKI: Info: MODULE: Upgrader MESSAGE: New signature file: gen_susp_indicators.yar
20260302T16:06:17Z ZEPHYRUS-G16 LOKI: Info: MODULE: Upgrader MESSAGE: New signature file: gen_susp_js_obfuscatorio.yar
20260302T16:06:17Z ZEPHYRUS-G16 LOKI: Info: MODULE: Upgrader MESSAGE: New signature file: gen_susp_lnk.yar
20260302T16:06:17Z ZEPHYRUS-G16 LOKI: Info: MODULE: Upgrader MESSAGE: New signature file: gen_susp_lnk_files.yar
20260302T16:06:17Z ZEPHYRUS-G16 LOKI: Info: MODULE: Upgrader MESSAGE: New signature file: gen_susp_net_msil.yar
20260302T16:06:17Z ZEPHYRUS-G16 LOKI: Info: MODULE: Upgrader MESSAGE: New signature file: gen_susp_obfuscation.yar
20260302T16:06:17Z ZEPHYRUS-G16 LOKI: Info: MODULE: Upgrader MESSAGE: New signature file: gen_susp_office_dropper.yar
20260302T16:06:17Z ZEPHYRUS-G16 LOKI: Info: MODULE: Upgrader MESSAGE: New signature file: gen_susp_ps_jab.yar
20260302T16:06:17Z ZEPHYRUS-G16 LOKI: Info: MODULE: Upgrader MESSAGE: New signature file: gen_susp_sfx.yar
20260302T16:06:17Z ZEPHYRUS-G16 LOKI: Info: MODULE: Upgrader MESSAGE: New signature file: gen_susp_strings_in_ole.yar
20260302T16:06:17Z ZEPHYRUS-G16 LOKI: Info: MODULE: Upgrader MESSAGE: New signature file: gen_susp_svg_js_phish_mar25.yar
20260302T16:06:17Z ZEPHYRUS-G16 LOKI: Info: MODULE: Upgrader MESSAGE: New signature file: gen_susp_wer_files.yar
20260302T16:06:17Z ZEPHYRUS-G16 LOKI: Info: MODULE: Upgrader MESSAGE: New signature file: gen_susp_xor.yar
20260302T16:06:17Z ZEPHYRUS-G16 LOKI: Info: MODULE: Upgrader MESSAGE: New signature file: gen_suspicious_InPage_dropper.yar
20260302T16:06:17Z ZEPHYRUS-G16 LOKI: Info: MODULE: Upgrader MESSAGE: New signature file: gen_suspicious_strings.yar
20260302T16:06:17Z ZEPHYRUS-G16 LOKI: Info: MODULE: Upgrader MESSAGE: New signature file: gen_sysinternals_anomaly.yar
20260302T16:06:17Z ZEPHYRUS-G16 LOKI: Info: MODULE: Upgrader MESSAGE: New signature file: gen_tempracer.yar
20260302T16:06:17Z ZEPHYRUS-G16 LOKI: Info: MODULE: Upgrader MESSAGE: New signature file: gen_thumbs_cloaking.yar
20260302T16:06:17Z ZEPHYRUS-G16 LOKI: Info: MODULE: Upgrader MESSAGE: New signature file: gen_transformed_strings.yar
20260302T16:06:17Z ZEPHYRUS-G16 LOKI: Info: MODULE: Upgrader MESSAGE: New signature file: gen_tscookie_rat.yar
20260302T16:06:17Z ZEPHYRUS-G16 LOKI: Info: MODULE: Upgrader MESSAGE: New signature file: gen_unicorn_obfuscated_powershell.yar
20260302T16:06:17Z ZEPHYRUS-G16 LOKI: Info: MODULE: Upgrader MESSAGE: New signature file: gen_unsigned_thor.yar
20260302T16:06:17Z ZEPHYRUS-G16 LOKI: Info: MODULE: Upgrader MESSAGE: New signature file: gen_unspecified_malware.yar
20260302T16:06:17Z ZEPHYRUS-G16 LOKI: Info: MODULE: Upgrader MESSAGE: New signature file: gen_url_persitence.yar
20260302T16:06:17Z ZEPHYRUS-G16 LOKI: Info: MODULE: Upgrader MESSAGE: New signature file: gen_url_to_local_exe.yar
20260302T16:06:17Z ZEPHYRUS-G16 LOKI: Info: MODULE: Upgrader MESSAGE: New signature file: gen_vcruntime140_dll_sideloading.yar
20260302T16:06:17Z ZEPHYRUS-G16 LOKI: Info: MODULE: Upgrader MESSAGE: New signature file: gen_vhd_anomaly.yar
20260302T16:06:17Z ZEPHYRUS-G16 LOKI: Info: MODULE: Upgrader MESSAGE: New signature file: gen_webshell_csharp.yar
20260302T16:06:17Z ZEPHYRUS-G16 LOKI: Info: MODULE: Upgrader MESSAGE: New signature file: gen_webshells.yar
20260302T16:06:17Z ZEPHYRUS-G16 LOKI: Info: MODULE: Upgrader MESSAGE: New signature file: gen_webshells_ext_vars.yar
20260302T16:06:17Z ZEPHYRUS-G16 LOKI: Info: MODULE: Upgrader MESSAGE: New signature file: gen_win_privesc.yar
20260302T16:06:17Z ZEPHYRUS-G16 LOKI: Info: MODULE: Upgrader MESSAGE: New signature file: gen_winpayloads.yar
20260302T16:06:17Z ZEPHYRUS-G16 LOKI: Info: MODULE: Upgrader MESSAGE: New signature file: gen_winshells.yar
20260302T16:06:17Z ZEPHYRUS-G16 LOKI: Info: MODULE: Upgrader MESSAGE: New signature file: gen_wmi_implant.yar
20260302T16:06:17Z ZEPHYRUS-G16 LOKI: Info: MODULE: Upgrader MESSAGE: New signature file: gen_xor_hunting.yar
20260302T16:06:17Z ZEPHYRUS-G16 LOKI: Info: MODULE: Upgrader MESSAGE: New signature file: gen_xored_pe.yar
20260302T16:06:17Z ZEPHYRUS-G16 LOKI: Info: MODULE: Upgrader MESSAGE: New signature file: gen_xtreme_rat.yar
20260302T16:06:17Z ZEPHYRUS-G16 LOKI: Info: MODULE: Upgrader MESSAGE: New signature file: gen_ysoserial_payloads.yar
20260302T16:06:17Z ZEPHYRUS-G16 LOKI: Info: MODULE: Upgrader MESSAGE: New signature file: gen_zoho_rcef_logs.yar
20260302T16:06:17Z ZEPHYRUS-G16 LOKI: Info: MODULE: Upgrader MESSAGE: New signature file: general_cloaking.yar
20260302T16:06:17Z ZEPHYRUS-G16 LOKI: Info: MODULE: Upgrader MESSAGE: New signature file: general_officemacros.yar
20260302T16:06:17Z ZEPHYRUS-G16 LOKI: Info: MODULE: Upgrader MESSAGE: New signature file: generic_anomalies.yar
20260302T16:06:17Z ZEPHYRUS-G16 LOKI: Info: MODULE: Upgrader MESSAGE: New signature file: generic_cryptors.yar
20260302T16:06:17Z ZEPHYRUS-G16 LOKI: Info: MODULE: Upgrader MESSAGE: New signature file: generic_dumps.yar
20260302T16:06:17Z ZEPHYRUS-G16 LOKI: Info: MODULE: Upgrader MESSAGE: New signature file: generic_exe2hex_payload.yar
20260302T16:06:17Z ZEPHYRUS-G16 LOKI: Info: MODULE: Upgrader MESSAGE: New signature file: hktl_HvS_nfs_security_tooling.yar
20260302T16:06:17Z ZEPHYRUS-G16 LOKI: Info: MODULE: Upgrader MESSAGE: New signature file: hktl_badsuccessor_helper_may25.yar
20260302T16:06:17Z ZEPHYRUS-G16 LOKI: Info: MODULE: Upgrader MESSAGE: New signature file: hktl_bruteratel_c4.yar
20260302T16:06:17Z ZEPHYRUS-G16 LOKI: Info: MODULE: Upgrader MESSAGE: New signature file: hktl_bruteratel_c4_badger.yar
20260302T16:06:17Z ZEPHYRUS-G16 LOKI: Info: MODULE: Upgrader MESSAGE: New signature file: hktl_edr_freeze_sep25.yar
20260302T16:06:17Z ZEPHYRUS-G16 LOKI: Info: MODULE: Upgrader MESSAGE: New signature file: hktl_natbypass.yar
20260302T16:06:17Z ZEPHYRUS-G16 LOKI: Info: MODULE: Upgrader MESSAGE: New signature file: log_teamviewer_keyboard_layouts.yar
20260302T16:06:17Z ZEPHYRUS-G16 LOKI: Info: MODULE: Upgrader MESSAGE: New signature file: lotusblossom_notepad_exploitation.yar
20260302T16:06:17Z ZEPHYRUS-G16 LOKI: Info: MODULE: Upgrader MESSAGE: New signature file: mal_avemaria_rat.yar
20260302T16:06:17Z ZEPHYRUS-G16 LOKI: Info: MODULE: Upgrader MESSAGE: New signature file: mal_babbleloader_win_jan24.yar
20260302T16:06:17Z ZEPHYRUS-G16 LOKI: Info: MODULE: Upgrader MESSAGE: New signature file: mal_bibi_wiper_oct23.yar
20260302T16:06:17Z ZEPHYRUS-G16 LOKI: Info: MODULE: Upgrader MESSAGE: New signature file: mal_codecov_hack.yar
20260302T16:06:17Z ZEPHYRUS-G16 LOKI: Info: MODULE: Upgrader MESSAGE: New signature file: mal_coralwave_remcos_dropper.yar
20260302T16:06:17Z ZEPHYRUS-G16 LOKI: Info: MODULE: Upgrader MESSAGE: New signature file: mal_crime_unknown.yar
20260302T16:06:17Z ZEPHYRUS-G16 LOKI: Info: MODULE: Upgrader MESSAGE: New signature file: mal_crime_win_pe_godrat_aug25.yar
20260302T16:06:17Z ZEPHYRUS-G16 LOKI: Info: MODULE: Upgrader MESSAGE: New signature file: mal_cryp_rat.yar
20260302T16:06:17Z ZEPHYRUS-G16 LOKI: Info: MODULE: Upgrader MESSAGE: New signature file: mal_ducktail_compromised_certs_jun23.yar
20260302T16:06:17Z ZEPHYRUS-G16 LOKI: Info: MODULE: Upgrader MESSAGE: New signature file: mal_efile_apr23.yar
20260302T16:06:17Z ZEPHYRUS-G16 LOKI: Info: MODULE: Upgrader MESSAGE: New signature file: mal_etoroloro_nodepackage_dec25.yar
20260302T16:06:17Z ZEPHYRUS-G16 LOKI: Info: MODULE: Upgrader MESSAGE: New signature file: mal_fake_document_software.yar
20260302T16:06:17Z ZEPHYRUS-G16 LOKI: Info: MODULE: Upgrader MESSAGE: New signature file: mal_fortinet_coathanger_feb24.yar
20260302T16:06:17Z ZEPHYRUS-G16 LOKI: Info: MODULE: Upgrader MESSAGE: New signature file: mal_go_modbus.yar
20260302T16:06:17Z ZEPHYRUS-G16 LOKI: Info: MODULE: Upgrader MESSAGE: New signature file: mal_inc_ransomware.yar
20260302T16:06:17Z ZEPHYRUS-G16 LOKI: Info: MODULE: Upgrader MESSAGE: New signature file: mal_katz_stealer.yar
20260302T16:06:17Z ZEPHYRUS-G16 LOKI: Info: MODULE: Upgrader MESSAGE: New signature file: mal_lnx_barracuda_cve_2023_2868.yar
20260302T16:06:17Z ZEPHYRUS-G16 LOKI: Info: MODULE: Upgrader MESSAGE: New signature file: mal_lnx_implant_may22.yar
20260302T16:06:17Z ZEPHYRUS-G16 LOKI: Info: MODULE: Upgrader MESSAGE: New signature file: mal_lnx_plague.yar
20260302T16:06:17Z ZEPHYRUS-G16 LOKI: Info: MODULE: Upgrader MESSAGE: New signature file: mal_lockbit4_hashing_alg_win_feb24.yar
20260302T16:06:17Z ZEPHYRUS-G16 LOKI: Info: MODULE: Upgrader MESSAGE: New signature file: mal_lockbit4_packed_win_feb24.yar
20260302T16:06:17Z ZEPHYRUS-G16 LOKI: Info: MODULE: Upgrader MESSAGE: New signature file: mal_lockbit4_rc4_win_feb24.yar
20260302T16:06:17Z ZEPHYRUS-G16 LOKI: Info: MODULE: Upgrader MESSAGE: New signature file: mal_lockbit_lnx_macos_apr23.yar
20260302T16:06:17Z ZEPHYRUS-G16 LOKI: Info: MODULE: Upgrader MESSAGE: New signature file: mal_netsha.yar
20260302T16:06:17Z ZEPHYRUS-G16 LOKI: Info: MODULE: Upgrader MESSAGE: New signature file: mal_npm_supply_chain_nov25.yar
20260302T16:06:17Z ZEPHYRUS-G16 LOKI: Info: MODULE: Upgrader MESSAGE: New signature file: mal_npm_supply_chain_sep25.yar
20260302T16:06:17Z ZEPHYRUS-G16 LOKI: Info: MODULE: Upgrader MESSAGE: New signature file: mal_octowave_installer_mar25.yar
20260302T16:06:17Z ZEPHYRUS-G16 LOKI: Info: MODULE: Upgrader MESSAGE: New signature file: mal_octowave_loader_mar25.yar
20260302T16:06:17Z ZEPHYRUS-G16 LOKI: Info: MODULE: Upgrader MESSAGE: New signature file: mal_passwordstate_backdoor.yar
20260302T16:06:17Z ZEPHYRUS-G16 LOKI: Info: MODULE: Upgrader MESSAGE: New signature file: mal_perfctl_oct24.yar
20260302T16:06:17Z ZEPHYRUS-G16 LOKI: Info: MODULE: Upgrader MESSAGE: New signature file: mal_phish_feb25.yar
20260302T16:06:17Z ZEPHYRUS-G16 LOKI: Info: MODULE: Upgrader MESSAGE: New signature file: mal_qbot_feb23.yar
20260302T16:06:17Z ZEPHYRUS-G16 LOKI: Info: MODULE: Upgrader MESSAGE: New signature file: mal_qbot_payloads.yar
20260302T16:06:17Z ZEPHYRUS-G16 LOKI: Info: MODULE: Upgrader MESSAGE: New signature file: mal_ralordv1_win_ap25.yar
20260302T16:06:17Z ZEPHYRUS-G16 LOKI: Info: MODULE: Upgrader MESSAGE: New signature file: mal_ransom_esxi_attacks_feb23.yar
20260302T16:06:17Z ZEPHYRUS-G16 LOKI: Info: MODULE: Upgrader MESSAGE: New signature file: mal_ransom_lorenz.yar
20260302T16:06:17Z ZEPHYRUS-G16 LOKI: Info: MODULE: Upgrader MESSAGE: New signature file: mal_react2shell_campaigns_dec25.yar
20260302T16:06:17Z ZEPHYRUS-G16 LOKI: Info: MODULE: Upgrader MESSAGE: New signature file: mal_ru_sparepart_dec22.yar
20260302T16:06:17Z ZEPHYRUS-G16 LOKI: Info: MODULE: Upgrader MESSAGE: New signature file: mal_sophos_pygmy_nov24.yar
20260302T16:06:17Z ZEPHYRUS-G16 LOKI: Info: MODULE: Upgrader MESSAGE: New signature file: mal_soupdealer_java_aug25.yar
20260302T16:06:17Z ZEPHYRUS-G16 LOKI: Info: MODULE: Upgrader MESSAGE: New signature file: mal_win_akira_apr25.yar
20260302T16:06:17Z ZEPHYRUS-G16 LOKI: Info: MODULE: Upgrader MESSAGE: New signature file: mal_win_amadey_jun25.yar
20260302T16:06:17Z ZEPHYRUS-G16 LOKI: Info: MODULE: Upgrader MESSAGE: New signature file: mal_win_go_backorder_loader.yar
20260302T16:06:17Z ZEPHYRUS-G16 LOKI: Info: MODULE: Upgrader MESSAGE: New signature file: mal_win_megazord_apr25.yar
20260302T16:06:17Z ZEPHYRUS-G16 LOKI: Info: MODULE: Upgrader MESSAGE: New signature file: mal_wipers_jun25.yar
20260302T16:06:17Z ZEPHYRUS-G16 LOKI: Info: MODULE: Upgrader MESSAGE: New signature file: mal_xlogin_nov24.yar
20260302T16:06:17Z ZEPHYRUS-G16 LOKI: Info: MODULE: Upgrader MESSAGE: New signature file: mixed_open_source_export.yar
20260302T16:06:17Z ZEPHYRUS-G16 LOKI: Info: MODULE: Upgrader MESSAGE: New signature file: pua_cryptocoin_miner.yar
20260302T16:06:17Z ZEPHYRUS-G16 LOKI: Info: MODULE: Upgrader MESSAGE: New signature file: pua_xmrig_monero_miner.yar
20260302T16:06:17Z ZEPHYRUS-G16 LOKI: Info: MODULE: Upgrader MESSAGE: New signature file: pup_lightftp.yar
20260302T16:06:17Z ZEPHYRUS-G16 LOKI: Info: MODULE: Upgrader MESSAGE: New signature file: react_pocs_indicators_dec25.yar
20260302T16:06:17Z ZEPHYRUS-G16 LOKI: Info: MODULE: Upgrader MESSAGE: New signature file: seaspy_backdoor_jan25.yar
20260302T16:06:17Z ZEPHYRUS-G16 LOKI: Info: MODULE: Upgrader MESSAGE: New signature file: spy_equation_fiveeyes.yar
20260302T16:06:17Z ZEPHYRUS-G16 LOKI: Info: MODULE: Upgrader MESSAGE: New signature file: spy_querty_fiveeyes.yar
20260302T16:06:17Z ZEPHYRUS-G16 LOKI: Info: MODULE: Upgrader MESSAGE: New signature file: spy_regin_fiveeyes.yar
20260302T16:06:17Z ZEPHYRUS-G16 LOKI: Info: MODULE: Upgrader MESSAGE: New signature file: susp_bat_obfusc_jul24.yar
20260302T16:06:17Z ZEPHYRUS-G16 LOKI: Info: MODULE: Upgrader MESSAGE: New signature file: susp_claude_magic_strings.yar
20260302T16:06:17Z ZEPHYRUS-G16 LOKI: Info: MODULE: Upgrader MESSAGE: New signature file: susp_email_redirection_spoofing.yar
20260302T16:06:17Z ZEPHYRUS-G16 LOKI: Info: MODULE: Upgrader MESSAGE: New signature file: susp_office_template_injection.yar
20260302T16:06:17Z ZEPHYRUS-G16 LOKI: Info: MODULE: Upgrader MESSAGE: New signature file: susp_vulndriver_hp_hardware_diagnostics_etdsupp_may23.yar
20260302T16:06:17Z ZEPHYRUS-G16 LOKI: Info: MODULE: Upgrader MESSAGE: New signature file: thor-hacktools.yar
20260302T16:06:17Z ZEPHYRUS-G16 LOKI: Info: MODULE: Upgrader MESSAGE: New signature file: thor-webshells.yar
20260302T16:06:17Z ZEPHYRUS-G16 LOKI: Info: MODULE: Upgrader MESSAGE: New signature file: thor_inverse_matches.yar
20260302T16:06:17Z ZEPHYRUS-G16 LOKI: Info: MODULE: Upgrader MESSAGE: New signature file: threat_lenovo_superfish.yar
20260302T16:06:17Z ZEPHYRUS-G16 LOKI: Info: MODULE: Upgrader MESSAGE: New signature file: vul_backdoor_antitheftweb.yar
20260302T16:06:17Z ZEPHYRUS-G16 LOKI: Info: MODULE: Upgrader MESSAGE: New signature file: vul_confluence_questions_plugin_cve_2022_26138.yar
20260302T16:06:17Z ZEPHYRUS-G16 LOKI: Info: MODULE: Upgrader MESSAGE: New signature file: vul_cve_2020_0688.yar
20260302T16:06:17Z ZEPHYRUS-G16 LOKI: Info: MODULE: Upgrader MESSAGE: New signature file: vul_cve_2020_1938.yar
20260302T16:06:17Z ZEPHYRUS-G16 LOKI: Info: MODULE: Upgrader MESSAGE: New signature file: vul_cve_2021_3438_printdriver.yar
20260302T16:06:17Z ZEPHYRUS-G16 LOKI: Info: MODULE: Upgrader MESSAGE: New signature file: vul_cve_2021_386471_omi.yar
20260302T16:06:17Z ZEPHYRUS-G16 LOKI: Info: MODULE: Upgrader MESSAGE: New signature file: vul_dell_bios_upd_driver.yar
20260302T16:06:17Z ZEPHYRUS-G16 LOKI: Info: MODULE: Upgrader MESSAGE: New signature file: vul_drivecrypt.yar
20260302T16:06:17Z ZEPHYRUS-G16 LOKI: Info: MODULE: Upgrader MESSAGE: New signature file: vul_jquery_fileupload_cve_2018_9206.yar
20260302T16:06:17Z ZEPHYRUS-G16 LOKI: Info: MODULE: Upgrader MESSAGE: New signature file: vul_php_zlib_backdoor.yar
20260302T16:06:17Z ZEPHYRUS-G16 LOKI: Info: MODULE: Upgrader MESSAGE: New signature file: vuln_erlang_otp_ssh_cve_2025_32433.yar
20260302T16:06:17Z ZEPHYRUS-G16 LOKI: Info: MODULE: Upgrader MESSAGE: New signature file: vuln_gigabyte_driver.yar
20260302T16:06:17Z ZEPHYRUS-G16 LOKI: Info: MODULE: Upgrader MESSAGE: New signature file: vuln_keepass_brute_forcible.yar
20260302T16:06:17Z ZEPHYRUS-G16 LOKI: Info: MODULE: Upgrader MESSAGE: New signature file: vuln_moveit_0day_jun23.yar
20260302T16:06:17Z ZEPHYRUS-G16 LOKI: Info: MODULE: Upgrader MESSAGE: New signature file: vuln_paloalto_cve_2024_3400_apr24.yar
20260302T16:06:17Z ZEPHYRUS-G16 LOKI: Info: MODULE: Upgrader MESSAGE: New signature file: vuln_proxynotshell_cve_2022_41040.yar
20260302T16:06:17Z ZEPHYRUS-G16 LOKI: Info: MODULE: Upgrader MESSAGE: New signature file: webshell_regeorg.yar
20260302T16:06:17Z ZEPHYRUS-G16 LOKI: Info: MODULE: Upgrader MESSAGE: New signature file: webshell_xsl_transform.yar
20260302T16:06:17Z ZEPHYRUS-G16 LOKI: Info: MODULE: Upgrader MESSAGE: New signature file: yara-rules_mal_drivers.yar
20260302T16:06:17Z ZEPHYRUS-G16 LOKI: Info: MODULE: Upgrader MESSAGE: New signature file: yara-rules_vuln_drivers_strict.yar
20260302T16:06:17Z ZEPHYRUS-G16 LOKI: Info: MODULE: Upgrader MESSAGE: New signature file: yara-rules_vuln_drivers_strict_renamed.yar
20260302T16:06:17Z ZEPHYRUS-G16 LOKI: Info: MODULE: Upgrader MESSAGE: New signature file: yara_mixed_ext_vars.yar
20260302T16:06:17Z ZEPHYRUS-G16 LOKI: Info: MODULE: Upgrader MESSAGE: Downloading https://github.com/reversinglabs/reversinglabs-yara-rules/archive/develop.zip ...
20260302T16:06:17Z ZEPHYRUS-G16 LOKI: Info: MODULE: Upgrader MESSAGE: New signature file: ByteCode.MSIL.Backdoor.AgentRacoon.yara
20260302T16:06:17Z ZEPHYRUS-G16 LOKI: Info: MODULE: Upgrader MESSAGE: New signature file: ByteCode.MSIL.Backdoor.AsyncRAT.yara
20260302T16:06:17Z ZEPHYRUS-G16 LOKI: Info: MODULE: Upgrader MESSAGE: New signature file: ByteCode.MSIL.Backdoor.LimeRAT.yara
20260302T16:06:17Z ZEPHYRUS-G16 LOKI: Info: MODULE: Upgrader MESSAGE: New signature file: ByteCode.MSIL.Backdoor.Menorah.yara
20260302T16:06:17Z ZEPHYRUS-G16 LOKI: Info: MODULE: Upgrader MESSAGE: New signature file: ByteCode.MSIL.Backdoor.NjRAT.yara
20260302T16:06:17Z ZEPHYRUS-G16 LOKI: Info: MODULE: Upgrader MESSAGE: New signature file: ByteCode.MSIL.Backdoor.OrcusRAT.yara
20260302T16:06:17Z ZEPHYRUS-G16 LOKI: Info: MODULE: Upgrader MESSAGE: New signature file: ByteCode.MSIL.Backdoor.ResolverRAT.yara
20260302T16:06:17Z ZEPHYRUS-G16 LOKI: Info: MODULE: Upgrader MESSAGE: New signature file: ByteCode.MSIL.Backdoor.Veaty.yara
20260302T16:06:17Z ZEPHYRUS-G16 LOKI: Info: MODULE: Upgrader MESSAGE: New signature file: Linux.Backdoor.AutoColor.yara
20260302T16:06:17Z ZEPHYRUS-G16 LOKI: Info: MODULE: Upgrader MESSAGE: New signature file: Linux.Backdoor.BPFDoor.yara
20260302T16:06:17Z ZEPHYRUS-G16 LOKI: Info: MODULE: Upgrader MESSAGE: New signature file: Linux.Backdoor.ChaosRAT.yara
20260302T16:06:17Z ZEPHYRUS-G16 LOKI: Info: MODULE: Upgrader MESSAGE: New signature file: Linux.Backdoor.GTPDOOR.yara
20260302T16:06:17Z ZEPHYRUS-G16 LOKI: Info: MODULE: Upgrader MESSAGE: New signature file: Linux.Backdoor.GobRAT.yara
20260302T16:06:17Z ZEPHYRUS-G16 LOKI: Info: MODULE: Upgrader MESSAGE: New signature file: Linux.Backdoor.Krasue.yara
20260302T16:06:17Z ZEPHYRUS-G16 LOKI: Info: MODULE: Upgrader MESSAGE: New signature file: Linux.Backdoor.Linodas.yara
20260302T16:06:17Z ZEPHYRUS-G16 LOKI: Info: MODULE: Upgrader MESSAGE: New signature file: Linux.Backdoor.NoodRAT.yara
20260302T16:06:17Z ZEPHYRUS-G16 LOKI: Info: MODULE: Upgrader MESSAGE: New signature file: Linux.Backdoor.PondRAT.yara
20260302T16:06:17Z ZEPHYRUS-G16 LOKI: Info: MODULE: Upgrader MESSAGE: New signature file: Linux.Backdoor.PygmyGoat.yara
20260302T16:06:17Z ZEPHYRUS-G16 LOKI: Info: MODULE: Upgrader MESSAGE: New signature file: Linux.Backdoor.Sshdinjector.yara
20260302T16:06:17Z ZEPHYRUS-G16 LOKI: Info: MODULE: Upgrader MESSAGE: New signature file: Linux.Backdoor.WolfsBane.yara
20260302T16:06:17Z ZEPHYRUS-G16 LOKI: Info: MODULE: Upgrader MESSAGE: New signature file: Linux.Trojan.ChinaZ.yara
20260302T16:06:17Z ZEPHYRUS-G16 LOKI: Info: MODULE: Upgrader MESSAGE: New signature file: Win32.Backdoor.Konni.yara
20260302T16:06:17Z ZEPHYRUS-G16 LOKI: Info: MODULE: Upgrader MESSAGE: New signature file: Win64.Backdoor.BackConnect.yara
20260302T16:06:17Z ZEPHYRUS-G16 LOKI: Info: MODULE: Upgrader MESSAGE: New signature file: Win64.Backdoor.EggStremeFuel.yara
20260302T16:06:17Z ZEPHYRUS-G16 LOKI: Info: MODULE: Upgrader MESSAGE: New signature file: Win64.Backdoor.Konni.yara
20260302T16:06:17Z ZEPHYRUS-G16 LOKI: Info: MODULE: Upgrader MESSAGE: New signature file: Win64.Backdoor.Minodo.yara
20260302T16:06:17Z ZEPHYRUS-G16 LOKI: Info: MODULE: Upgrader MESSAGE: New signature file: Win64.Backdoor.MiyaRAT.yara
20260302T16:06:17Z ZEPHYRUS-G16 LOKI: Info: MODULE: Upgrader MESSAGE: New signature file: Win64.Backdoor.SideTwist.yara
20260302T16:06:17Z ZEPHYRUS-G16 LOKI: Info: MODULE: Upgrader MESSAGE: New signature file: Win64.Backdoor.Voldemort.yara
20260302T16:06:17Z ZEPHYRUS-G16 LOKI: Info: MODULE: Upgrader MESSAGE: New signature file: Win64.Backdoor.wmRAT.yara
20260302T16:06:17Z ZEPHYRUS-G16 LOKI: Info: MODULE: Upgrader MESSAGE: New signature file: blocklist.yara
20260302T16:06:17Z ZEPHYRUS-G16 LOKI: Info: MODULE: Upgrader MESSAGE: New signature file: Win32.Downloader.dlMarlboro.yara
20260302T16:06:17Z ZEPHYRUS-G16 LOKI: Info: MODULE: Upgrader MESSAGE: New signature file: Win32.Exploit.CVE20200601.yara
20260302T16:06:17Z ZEPHYRUS-G16 LOKI: Info: MODULE: Upgrader MESSAGE: New signature file: ByteCode.MSIL.Infostealer.GomorrahStealer.yara
20260302T16:06:17Z ZEPHYRUS-G16 LOKI: Info: MODULE: Upgrader MESSAGE: New signature file: Win32.Infostealer.LumarStealer.yara
20260302T16:06:17Z ZEPHYRUS-G16 LOKI: Info: MODULE: Upgrader MESSAGE: New signature file: Win32.Infostealer.MultigrainPOS.yara
20260302T16:06:17Z ZEPHYRUS-G16 LOKI: Info: MODULE: Upgrader MESSAGE: New signature file: Win32.Infostealer.ProjectHookPOS.yara
20260302T16:06:17Z ZEPHYRUS-G16 LOKI: Info: MODULE: Upgrader MESSAGE: New signature file: Win32.Infostealer.StealC.yara
20260302T16:06:17Z ZEPHYRUS-G16 LOKI: Info: MODULE: Upgrader MESSAGE: New signature file: Win64.Infostealer.Daolpu.yara
20260302T16:06:17Z ZEPHYRUS-G16 LOKI: Info: MODULE: Upgrader MESSAGE: New signature file: Win64.Infostealer.Skuld.yara
20260302T16:06:17Z ZEPHYRUS-G16 LOKI: Info: MODULE: Upgrader MESSAGE: New signature file: Win64.Infostealer.WeaselStore.yara
20260302T16:06:17Z ZEPHYRUS-G16 LOKI: Info: MODULE: Upgrader MESSAGE: New signature file: Win32.PUA.Domaiq.yara
20260302T16:06:17Z ZEPHYRUS-G16 LOKI: Info: MODULE: Upgrader MESSAGE: New signature file: ByteCode.MSIL.Ransomware.Apis.yara
20260302T16:06:17Z ZEPHYRUS-G16 LOKI: Info: MODULE: Upgrader MESSAGE: New signature file: ByteCode.MSIL.Ransomware.ChupaCabra.yara
20260302T16:06:17Z ZEPHYRUS-G16 LOKI: Info: MODULE: Upgrader MESSAGE: New signature file: ByteCode.MSIL.Ransomware.Cring.yara
20260302T16:06:17Z ZEPHYRUS-G16 LOKI: Info: MODULE: Upgrader MESSAGE: New signature file: ByteCode.MSIL.Ransomware.Dusk.yara
20260302T16:06:17Z ZEPHYRUS-G16 LOKI: Info: MODULE: Upgrader MESSAGE: New signature file: ByteCode.MSIL.Ransomware.EAF.yara
20260302T16:06:17Z ZEPHYRUS-G16 LOKI: Info: MODULE: Upgrader MESSAGE: New signature file: ByteCode.MSIL.Ransomware.Eternity.yara
20260302T16:06:17Z ZEPHYRUS-G16 LOKI: Info: MODULE: Upgrader MESSAGE: New signature file: ByteCode.MSIL.Ransomware.Fantom.yara
20260302T16:06:17Z ZEPHYRUS-G16 LOKI: Info: MODULE: Upgrader MESSAGE: New signature file: ByteCode.MSIL.Ransomware.GhosTEncryptor.yara
20260302T16:06:17Z ZEPHYRUS-G16 LOKI: Info: MODULE: Upgrader MESSAGE: New signature file: ByteCode.MSIL.Ransomware.Ghostbin.yara
20260302T16:06:17Z ZEPHYRUS-G16 LOKI: Info: MODULE: Upgrader MESSAGE: New signature file: ByteCode.MSIL.Ransomware.GoodWill.yara
20260302T16:06:17Z ZEPHYRUS-G16 LOKI: Info: MODULE: Upgrader MESSAGE: New signature file: ByteCode.MSIL.Ransomware.HarpoonLocker.yara
20260302T16:06:17Z ZEPHYRUS-G16 LOKI: Info: MODULE: Upgrader MESSAGE: New signature file: ByteCode.MSIL.Ransomware.Hog.yara
20260302T16:06:17Z ZEPHYRUS-G16 LOKI: Info: MODULE: Upgrader MESSAGE: New signature file: ByteCode.MSIL.Ransomware.Invert.yara
20260302T16:06:17Z ZEPHYRUS-G16 LOKI: Info: MODULE: Upgrader MESSAGE: New signature file: ByteCode.MSIL.Ransomware.Janelle.yara
20260302T16:06:17Z ZEPHYRUS-G16 LOKI: Info: MODULE: Upgrader MESSAGE: New signature file: ByteCode.MSIL.Ransomware.Khonsari.yara
20260302T16:06:17Z ZEPHYRUS-G16 LOKI: Info: MODULE: Upgrader MESSAGE: New signature file: ByteCode.MSIL.Ransomware.McBurglar.yara
20260302T16:06:17Z ZEPHYRUS-G16 LOKI: Info: MODULE: Upgrader MESSAGE: New signature file: ByteCode.MSIL.Ransomware.Moisha.yara
20260302T16:06:17Z ZEPHYRUS-G16 LOKI: Info: MODULE: Upgrader MESSAGE: New signature file: ByteCode.MSIL.Ransomware.Namaste.yara
20260302T16:06:17Z ZEPHYRUS-G16 LOKI: Info: MODULE: Upgrader MESSAGE: New signature file: ByteCode.MSIL.Ransomware.Oct.yara
20260302T16:06:17Z ZEPHYRUS-G16 LOKI: Info: MODULE: Upgrader MESSAGE: New signature file: ByteCode.MSIL.Ransomware.Pacman.yara
20260302T16:06:17Z ZEPHYRUS-G16 LOKI: Info: MODULE: Upgrader MESSAGE: New signature file: ByteCode.MSIL.Ransomware.PoliceRecords.yara
20260302T16:06:17Z ZEPHYRUS-G16 LOKI: Info: MODULE: Upgrader MESSAGE: New signature file: ByteCode.MSIL.Ransomware.Povlsomware.yara
20260302T16:06:17Z ZEPHYRUS-G16 LOKI: Info: MODULE: Upgrader MESSAGE: New signature file: ByteCode.MSIL.Ransomware.Retis.yara
20260302T16:06:17Z ZEPHYRUS-G16 LOKI: Info: MODULE: Upgrader MESSAGE: New signature file: ByteCode.MSIL.Ransomware.TaRRaK.yara
20260302T16:06:17Z ZEPHYRUS-G16 LOKI: Info: MODULE: Upgrader MESSAGE: New signature file: ByteCode.MSIL.Ransomware.Thanos.yara
20260302T16:06:17Z ZEPHYRUS-G16 LOKI: Info: MODULE: Upgrader MESSAGE: New signature file: ByteCode.MSIL.Ransomware.TimeCrypt.yara
20260302T16:06:17Z ZEPHYRUS-G16 LOKI: Info: MODULE: Upgrader MESSAGE: New signature file: ByteCode.MSIL.Ransomware.TimeTime.yara
20260302T16:06:17Z ZEPHYRUS-G16 LOKI: Info: MODULE: Upgrader MESSAGE: New signature file: ByteCode.MSIL.Ransomware.Venom.yara
20260302T16:06:17Z ZEPHYRUS-G16 LOKI: Info: MODULE: Upgrader MESSAGE: New signature file: ByteCode.MSIL.Ransomware.WildFire.yara
20260302T16:06:17Z ZEPHYRUS-G16 LOKI: Info: MODULE: Upgrader MESSAGE: New signature file: ByteCode.MSIL.Ransomware.WormLocker.yara
20260302T16:06:17Z ZEPHYRUS-G16 LOKI: Info: MODULE: Upgrader MESSAGE: New signature file: ByteCode.MSIL.Ransomware.ZeroLocker.yara
20260302T16:06:17Z ZEPHYRUS-G16 LOKI: Info: MODULE: Upgrader MESSAGE: New signature file: Bytecode.MSIL.Ransomware.CobraLocker.yara
20260302T16:06:17Z ZEPHYRUS-G16 LOKI: Info: MODULE: Upgrader MESSAGE: New signature file: Linux.Ransomware.GwisinLocker.yara
20260302T16:06:17Z ZEPHYRUS-G16 LOKI: Info: MODULE: Upgrader MESSAGE: New signature file: Linux.Ransomware.Helldown.yara
20260302T16:06:17Z ZEPHYRUS-G16 LOKI: Info: MODULE: Upgrader MESSAGE: New signature file: Linux.Ransomware.KillDisk.yara
20260302T16:06:17Z ZEPHYRUS-G16 LOKI: Info: MODULE: Upgrader MESSAGE: New signature file: Linux.Ransomware.LuckyJoe.yara
20260302T16:06:17Z ZEPHYRUS-G16 LOKI: Info: MODULE: Upgrader MESSAGE: New signature file: Linux.Ransomware.RedAlert.yara
20260302T16:06:17Z ZEPHYRUS-G16 LOKI: Info: MODULE: Upgrader MESSAGE: New signature file: Win32.Ransomware.5ss5c.yara
20260302T16:06:17Z ZEPHYRUS-G16 LOKI: Info: MODULE: Upgrader MESSAGE: New signature file: Win32.Ransomware.ASN1Encoder.yara
20260302T16:06:17Z ZEPHYRUS-G16 LOKI: Info: MODULE: Upgrader MESSAGE: New signature file: Win32.Ransomware.Acepy.yara
20260302T16:06:17Z ZEPHYRUS-G16 LOKI: Info: MODULE: Upgrader MESSAGE: New signature file: Win32.Ransomware.Afrodita.yara
20260302T16:06:17Z ZEPHYRUS-G16 LOKI: Info: MODULE: Upgrader MESSAGE: New signature file: Win32.Ransomware.Ako.yara
20260302T16:06:17Z ZEPHYRUS-G16 LOKI: Info: MODULE: Upgrader MESSAGE: New signature file: Win32.Ransomware.Alcatraz.yara
20260302T16:06:17Z ZEPHYRUS-G16 LOKI: Info: MODULE: Upgrader MESSAGE: New signature file: Win32.Ransomware.AnteFrigus.yara
20260302T16:06:17Z ZEPHYRUS-G16 LOKI: Info: MODULE: Upgrader MESSAGE: New signature file: Win32.Ransomware.Archiveus.yara
20260302T16:06:17Z ZEPHYRUS-G16 LOKI: Info: MODULE: Upgrader MESSAGE: New signature file: Win32.Ransomware.Armage.yara
20260302T16:06:17Z ZEPHYRUS-G16 LOKI: Info: MODULE: Upgrader MESSAGE: New signature file: Win32.Ransomware.Atlas.yara
20260302T16:06:17Z ZEPHYRUS-G16 LOKI: Info: MODULE: Upgrader MESSAGE: New signature file: Win32.Ransomware.Avaddon.yara
20260302T16:06:17Z ZEPHYRUS-G16 LOKI: Info: MODULE: Upgrader MESSAGE: New signature file: Win32.Ransomware.AvosLocker.yara
20260302T16:06:17Z ZEPHYRUS-G16 LOKI: Info: MODULE: Upgrader MESSAGE: New signature file: Win32.Ransomware.BKRansomware.yara
20260302T16:06:17Z ZEPHYRUS-G16 LOKI: Info: MODULE: Upgrader MESSAGE: New signature file: Win32.Ransomware.Babuk.yara
20260302T16:06:17Z ZEPHYRUS-G16 LOKI: Info: MODULE: Upgrader MESSAGE: New signature file: Win32.Ransomware.BadBlock.yara
20260302T16:06:17Z ZEPHYRUS-G16 LOKI: Info: MODULE: Upgrader MESSAGE: New signature file: Win32.Ransomware.Badbeeteam.yara
20260302T16:06:17Z ZEPHYRUS-G16 LOKI: Info: MODULE: Upgrader MESSAGE: New signature file: Win32.Ransomware.Balaclava.yara
20260302T16:06:17Z ZEPHYRUS-G16 LOKI: Info: MODULE: Upgrader MESSAGE: New signature file: Win32.Ransomware.Bam2021.yara
20260302T16:06:17Z ZEPHYRUS-G16 LOKI: Info: MODULE: Upgrader MESSAGE: New signature file: Win32.Ransomware.BananaCrypt.yara
20260302T16:06:17Z ZEPHYRUS-G16 LOKI: Info: MODULE: Upgrader MESSAGE: New signature file: Win32.Ransomware.BandarChor.yara
20260302T16:06:17Z ZEPHYRUS-G16 LOKI: Info: MODULE: Upgrader MESSAGE: New signature file: Win32.Ransomware.BitCrypt.yara
20260302T16:06:17Z ZEPHYRUS-G16 LOKI: Info: MODULE: Upgrader MESSAGE: New signature file: Win32.Ransomware.BlackBasta.yara
20260302T16:06:17Z ZEPHYRUS-G16 LOKI: Info: MODULE: Upgrader MESSAGE: New signature file: Win32.Ransomware.BlackCat.yara
20260302T16:06:17Z ZEPHYRUS-G16 LOKI: Info: MODULE: Upgrader MESSAGE: New signature file: Win32.Ransomware.BlackMoon.yara
20260302T16:06:17Z ZEPHYRUS-G16 LOKI: Info: MODULE: Upgrader MESSAGE: New signature file: Win32.Ransomware.Blitzkrieg.yara
20260302T16:06:17Z ZEPHYRUS-G16 LOKI: Info: MODULE: Upgrader MESSAGE: New signature file: Win32.Ransomware.BlueLocker.yara
20260302T16:06:17Z ZEPHYRUS-G16 LOKI: Info: MODULE: Upgrader MESSAGE: New signature file: Win32.Ransomware.BrainCrypt.yara
20260302T16:06:17Z ZEPHYRUS-G16 LOKI: Info: MODULE: Upgrader MESSAGE: New signature file: Win32.Ransomware.Buran.yara
20260302T16:06:17Z ZEPHYRUS-G16 LOKI: Info: MODULE: Upgrader MESSAGE: New signature file: Win32.Ransomware.ChiChi.yara
20260302T16:06:17Z ZEPHYRUS-G16 LOKI: Info: MODULE: Upgrader MESSAGE: New signature file: Win32.Ransomware.Cicada3301.yara
20260302T16:06:17Z ZEPHYRUS-G16 LOKI: Info: MODULE: Upgrader MESSAGE: New signature file: Win32.Ransomware.Cincoo.yara
20260302T16:06:17Z ZEPHYRUS-G16 LOKI: Info: MODULE: Upgrader MESSAGE: New signature file: Win32.Ransomware.Clop.yara
20260302T16:06:17Z ZEPHYRUS-G16 LOKI: Info: MODULE: Upgrader MESSAGE: New signature file: Win32.Ransomware.Conti.yara
20260302T16:06:17Z ZEPHYRUS-G16 LOKI: Info: MODULE: Upgrader MESSAGE: New signature file: Win32.Ransomware.Cryakl.yara
20260302T16:06:17Z ZEPHYRUS-G16 LOKI: Info: MODULE: Upgrader MESSAGE: New signature file: Win32.Ransomware.Crypmic.yara
20260302T16:06:17Z ZEPHYRUS-G16 LOKI: Info: MODULE: Upgrader MESSAGE: New signature file: Win32.Ransomware.Crypren.yara
20260302T16:06:17Z ZEPHYRUS-G16 LOKI: Info: MODULE: Upgrader MESSAGE: New signature file: Win32.Ransomware.CryptoBit.yara
20260302T16:06:17Z ZEPHYRUS-G16 LOKI: Info: MODULE: Upgrader MESSAGE: New signature file: Win32.Ransomware.CryptoFortress.yara
20260302T16:06:17Z ZEPHYRUS-G16 LOKI: Info: MODULE: Upgrader MESSAGE: New signature file: Win32.Ransomware.CryptoJoker.yara
20260302T16:06:17Z ZEPHYRUS-G16 LOKI: Info: MODULE: Upgrader MESSAGE: New signature file: Win32.Ransomware.CryptoLocker.yara
20260302T16:06:17Z ZEPHYRUS-G16 LOKI: Info: MODULE: Upgrader MESSAGE: New signature file: Win32.Ransomware.CryptoWall.yara
20260302T16:06:17Z ZEPHYRUS-G16 LOKI: Info: MODULE: Upgrader MESSAGE: New signature file: Win32.Ransomware.Crysis.yara
20260302T16:06:17Z ZEPHYRUS-G16 LOKI: Info: MODULE: Upgrader MESSAGE: New signature file: Win32.Ransomware.Cuba.yara
20260302T16:06:17Z ZEPHYRUS-G16 LOKI: Info: MODULE: Upgrader MESSAGE: New signature file: Win32.Ransomware.CyberVolk.yara
20260302T16:06:17Z ZEPHYRUS-G16 LOKI: Info: MODULE: Upgrader MESSAGE: New signature file: Win32.Ransomware.DMALocker.yara
20260302T16:06:17Z ZEPHYRUS-G16 LOKI: Info: MODULE: Upgrader MESSAGE: New signature file: Win32.Ransomware.DMR.yara
20260302T16:06:17Z ZEPHYRUS-G16 LOKI: Info: MODULE: Upgrader MESSAGE: New signature file: Win32.Ransomware.DarkSide.yara
20260302T16:06:17Z ZEPHYRUS-G16 LOKI: Info: MODULE: Upgrader MESSAGE: New signature file: Win32.Ransomware.DearCry.yara
20260302T16:06:17Z ZEPHYRUS-G16 LOKI: Info: MODULE: Upgrader MESSAGE: New signature file: Win32.Ransomware.Defray.yara
20260302T16:06:17Z ZEPHYRUS-G16 LOKI: Info: MODULE: Upgrader MESSAGE: New signature file: Win32.Ransomware.Delphimorix.yara
20260302T16:06:17Z ZEPHYRUS-G16 LOKI: Info: MODULE: Upgrader MESSAGE: New signature file: Win32.Ransomware.DenizKizi.yara
20260302T16:06:17Z ZEPHYRUS-G16 LOKI: Info: MODULE: Upgrader MESSAGE: New signature file: Win32.Ransomware.DesuCrypt.yara
20260302T16:06:17Z ZEPHYRUS-G16 LOKI: Info: MODULE: Upgrader MESSAGE: New signature file: Win32.Ransomware.Dharma.yara
20260302T16:06:17Z ZEPHYRUS-G16 LOKI: Info: MODULE: Upgrader MESSAGE: New signature file: Win32.Ransomware.DirtyDecrypt.yara
20260302T16:06:17Z ZEPHYRUS-G16 LOKI: Info: MODULE: Upgrader MESSAGE: New signature file: Win32.Ransomware.District.yara
20260302T16:06:17Z ZEPHYRUS-G16 LOKI: Info: MODULE: Upgrader MESSAGE: New signature file: Win32.Ransomware.DogeCrypt.yara
20260302T16:06:17Z ZEPHYRUS-G16 LOKI: Info: MODULE: Upgrader MESSAGE: New signature file: Win32.Ransomware.Dragon.yara
20260302T16:06:17Z ZEPHYRUS-G16 LOKI: Info: MODULE: Upgrader MESSAGE: New signature file: Win32.Ransomware.Dualshot.yara
20260302T16:06:17Z ZEPHYRUS-G16 LOKI: Info: MODULE: Upgrader MESSAGE: New signature file: Win32.Ransomware.Elpaco.yara
20260302T16:06:17Z ZEPHYRUS-G16 LOKI: Info: MODULE: Upgrader MESSAGE: New signature file: Win32.Ransomware.Encoded01.yara
20260302T16:06:17Z ZEPHYRUS-G16 LOKI: Info: MODULE: Upgrader MESSAGE: New signature file: Win32.Ransomware.Erica.yara
20260302T16:06:17Z ZEPHYRUS-G16 LOKI: Info: MODULE: Upgrader MESSAGE: New signature file: Win32.Ransomware.FCT.yara
20260302T16:06:17Z ZEPHYRUS-G16 LOKI: Info: MODULE: Upgrader MESSAGE: New signature file: Win32.Ransomware.FLKR.yara
20260302T16:06:17Z ZEPHYRUS-G16 LOKI: Info: MODULE: Upgrader MESSAGE: New signature file: Win32.Ransomware.FarAttack.yara
20260302T16:06:17Z ZEPHYRUS-G16 LOKI: Info: MODULE: Upgrader MESSAGE: New signature file: Win32.Ransomware.FenixLocker.yara
20260302T16:06:17Z ZEPHYRUS-G16 LOKI: Info: MODULE: Upgrader MESSAGE: New signature file: Win32.Ransomware.Ferrlock.yara
20260302T16:06:17Z ZEPHYRUS-G16 LOKI: Info: MODULE: Upgrader MESSAGE: New signature file: Win32.Ransomware.Flamingo.yara
20260302T16:06:17Z ZEPHYRUS-G16 LOKI: Info: MODULE: Upgrader MESSAGE: New signature file: Win32.Ransomware.FuxSocy.yara
20260302T16:06:17Z ZEPHYRUS-G16 LOKI: Info: MODULE: Upgrader MESSAGE: New signature file: Win32.Ransomware.GPGQwerty.yara
20260302T16:06:17Z ZEPHYRUS-G16 LOKI: Info: MODULE: Upgrader MESSAGE: New signature file: Win32.Ransomware.GandCrab.yara
20260302T16:06:17Z ZEPHYRUS-G16 LOKI: Info: MODULE: Upgrader MESSAGE: New signature file: Win32.Ransomware.GarrantyDecrypt.yara
20260302T16:06:17Z ZEPHYRUS-G16 LOKI: Info: MODULE: Upgrader MESSAGE: New signature file: Win32.Ransomware.Gibon.yara
20260302T16:06:17Z ZEPHYRUS-G16 LOKI: Info: MODULE: Upgrader MESSAGE: New signature file: Win32.Ransomware.GlobeImposter.yara
20260302T16:06:17Z ZEPHYRUS-G16 LOKI: Info: MODULE: Upgrader MESSAGE: New signature file: Win32.Ransomware.Gomer.yara
20260302T16:06:17Z ZEPHYRUS-G16 LOKI: Info: MODULE: Upgrader MESSAGE: New signature file: Win32.Ransomware.Good.yara
20260302T16:06:17Z ZEPHYRUS-G16 LOKI: Info: MODULE: Upgrader MESSAGE: New signature file: Win32.Ransomware.Gpcode.yara
20260302T16:06:17Z ZEPHYRUS-G16 LOKI: Info: MODULE: Upgrader MESSAGE: New signature file: Win32.Ransomware.GusCrypter.yara
20260302T16:06:17Z ZEPHYRUS-G16 LOKI: Info: MODULE: Upgrader MESSAGE: New signature file: Win32.Ransomware.HDDCryptor.yara
20260302T16:06:17Z ZEPHYRUS-G16 LOKI: Info: MODULE: Upgrader MESSAGE: New signature file: Win32.Ransomware.HDMR.yara
20260302T16:06:17Z ZEPHYRUS-G16 LOKI: Info: MODULE: Upgrader MESSAGE: New signature file: Win32.Ransomware.HakunaMatata.yara
20260302T16:06:17Z ZEPHYRUS-G16 LOKI: Info: MODULE: Upgrader MESSAGE: New signature file: Win32.Ransomware.Henry.yara
20260302T16:06:17Z ZEPHYRUS-G16 LOKI: Info: MODULE: Upgrader MESSAGE: New signature file: Win32.Ransomware.HentaiOniichan.yara
20260302T16:06:17Z ZEPHYRUS-G16 LOKI: Info: MODULE: Upgrader MESSAGE: New signature file: Win32.Ransomware.Hermes.yara
20260302T16:06:17Z ZEPHYRUS-G16 LOKI: Info: MODULE: Upgrader MESSAGE: New signature file: Win32.Ransomware.Horsedeal.yara
20260302T16:06:17Z ZEPHYRUS-G16 LOKI: Info: MODULE: Upgrader MESSAGE: New signature file: Win32.Ransomware.HowAreYou.yara
20260302T16:06:17Z ZEPHYRUS-G16 LOKI: Info: MODULE: Upgrader MESSAGE: New signature file: Win32.Ransomware.HydraCrypt.yara
20260302T16:06:17Z ZEPHYRUS-G16 LOKI: Info: MODULE: Upgrader MESSAGE: New signature file: Win32.Ransomware.IFN643.yara
20260302T16:06:17Z ZEPHYRUS-G16 LOKI: Info: MODULE: Upgrader MESSAGE: New signature file: Win32.Ransomware.InfoDot.yara
20260302T16:06:17Z ZEPHYRUS-G16 LOKI: Info: MODULE: Upgrader MESSAGE: New signature file: Win32.Ransomware.JSWorm.yara
20260302T16:06:17Z ZEPHYRUS-G16 LOKI: Info: MODULE: Upgrader MESSAGE: New signature file: Win32.Ransomware.Jamper.yara
20260302T16:06:17Z ZEPHYRUS-G16 LOKI: Info: MODULE: Upgrader MESSAGE: New signature file: Win32.Ransomware.Jemd.yara
20260302T16:06:17Z ZEPHYRUS-G16 LOKI: Info: MODULE: Upgrader MESSAGE: New signature file: Win32.Ransomware.Jormungand.yara
20260302T16:06:17Z ZEPHYRUS-G16 LOKI: Info: MODULE: Upgrader MESSAGE: New signature file: Win32.Ransomware.JuicyLemon.yara
20260302T16:06:17Z ZEPHYRUS-G16 LOKI: Info: MODULE: Upgrader MESSAGE: New signature file: Win32.Ransomware.Kangaroo.yara
20260302T16:06:17Z ZEPHYRUS-G16 LOKI: Info: MODULE: Upgrader MESSAGE: New signature file: Win32.Ransomware.KawaiiLocker.yara
20260302T16:06:17Z ZEPHYRUS-G16 LOKI: Info: MODULE: Upgrader MESSAGE: New signature file: Win32.Ransomware.KillDisk.yara
20260302T16:06:17Z ZEPHYRUS-G16 LOKI: Info: MODULE: Upgrader MESSAGE: New signature file: Win32.Ransomware.Knot.yara
20260302T16:06:17Z ZEPHYRUS-G16 LOKI: Info: MODULE: Upgrader MESSAGE: New signature file: Win32.Ransomware.Kovter.yara
20260302T16:06:17Z ZEPHYRUS-G16 LOKI: Info: MODULE: Upgrader MESSAGE: New signature file: Win32.Ransomware.Koxic.yara
20260302T16:06:17Z ZEPHYRUS-G16 LOKI: Info: MODULE: Upgrader MESSAGE: New signature file: Win32.Ransomware.Kraken.yara
20260302T16:06:17Z ZEPHYRUS-G16 LOKI: Info: MODULE: Upgrader MESSAGE: New signature file: Win32.Ransomware.Ladon.yara
20260302T16:06:17Z ZEPHYRUS-G16 LOKI: Info: MODULE: Upgrader MESSAGE: New signature file: Win32.Ransomware.LeChiffre.yara
20260302T16:06:17Z ZEPHYRUS-G16 LOKI: Info: MODULE: Upgrader MESSAGE: New signature file: Win32.Ransomware.LockBit.yara
20260302T16:06:17Z ZEPHYRUS-G16 LOKI: Info: MODULE: Upgrader MESSAGE: New signature file: Win32.Ransomware.Lolkek.yara
20260302T16:06:17Z ZEPHYRUS-G16 LOKI: Info: MODULE: Upgrader MESSAGE: New signature file: Win32.Ransomware.LooCipher.yara
20260302T16:06:17Z ZEPHYRUS-G16 LOKI: Info: MODULE: Upgrader MESSAGE: New signature file: Win32.Ransomware.Lorenz.yara
20260302T16:06:17Z ZEPHYRUS-G16 LOKI: Info: MODULE: Upgrader MESSAGE: New signature file: Win32.Ransomware.MRAC.yara
20260302T16:06:17Z ZEPHYRUS-G16 LOKI: Info: MODULE: Upgrader MESSAGE: New signature file: Win32.Ransomware.MZP.yara
20260302T16:06:17Z ZEPHYRUS-G16 LOKI: Info: MODULE: Upgrader MESSAGE: New signature file: Win32.Ransomware.Mafia.yara
20260302T16:06:17Z ZEPHYRUS-G16 LOKI: Info: MODULE: Upgrader MESSAGE: New signature file: Win32.Ransomware.Magniber.yara
20260302T16:06:17Z ZEPHYRUS-G16 LOKI: Info: MODULE: Upgrader MESSAGE: New signature file: Win32.Ransomware.Major.yara
20260302T16:06:17Z ZEPHYRUS-G16 LOKI: Info: MODULE: Upgrader MESSAGE: New signature file: Win32.Ransomware.Makop.yara
20260302T16:06:17Z ZEPHYRUS-G16 LOKI: Info: MODULE: Upgrader MESSAGE: New signature file: Win32.Ransomware.Maktub.yara
20260302T16:06:17Z ZEPHYRUS-G16 LOKI: Info: MODULE: Upgrader MESSAGE: New signature file: Win32.Ransomware.Marlboro.yara
20260302T16:06:17Z ZEPHYRUS-G16 LOKI: Info: MODULE: Upgrader MESSAGE: New signature file: Win32.Ransomware.MarsJoke.yara
20260302T16:06:17Z ZEPHYRUS-G16 LOKI: Info: MODULE: Upgrader MESSAGE: New signature file: Win32.Ransomware.Matsnu.yara
20260302T16:06:17Z ZEPHYRUS-G16 LOKI: Info: MODULE: Upgrader MESSAGE: New signature file: Win32.Ransomware.MedusaLocker.yara
20260302T16:06:17Z ZEPHYRUS-G16 LOKI: Info: MODULE: Upgrader MESSAGE: New signature file: Win32.Ransomware.Meow.yara
20260302T16:06:17Z ZEPHYRUS-G16 LOKI: Info: MODULE: Upgrader MESSAGE: New signature file: Win32.Ransomware.Monalisa.yara
20260302T16:06:17Z ZEPHYRUS-G16 LOKI: Info: MODULE: Upgrader MESSAGE: New signature file: Win32.Ransomware.Montserrat.yara
20260302T16:06:17Z ZEPHYRUS-G16 LOKI: Info: MODULE: Upgrader MESSAGE: New signature file: Win32.Ransomware.Motocos.yara
20260302T16:06:17Z ZEPHYRUS-G16 LOKI: Info: MODULE: Upgrader MESSAGE: New signature file: Win32.Ransomware.MountLocker.yara
20260302T16:06:17Z ZEPHYRUS-G16 LOKI: Info: MODULE: Upgrader MESSAGE: New signature file: Win32.Ransomware.NB65.yara
20260302T16:06:17Z ZEPHYRUS-G16 LOKI: Info: MODULE: Upgrader MESSAGE: New signature file: Win32.Ransomware.NanoLocker.yara
20260302T16:06:17Z ZEPHYRUS-G16 LOKI: Info: MODULE: Upgrader MESSAGE: New signature file: Win32.Ransomware.Nefilim.yara
20260302T16:06:17Z ZEPHYRUS-G16 LOKI: Info: MODULE: Upgrader MESSAGE: New signature file: Win32.Ransomware.Nemty.yara
20260302T16:06:17Z ZEPHYRUS-G16 LOKI: Info: MODULE: Upgrader MESSAGE: New signature file: Win32.Ransomware.Networm.yara
20260302T16:06:17Z ZEPHYRUS-G16 LOKI: Info: MODULE: Upgrader MESSAGE: New signature file: Win32.Ransomware.NotPetya.yara
20260302T16:06:17Z ZEPHYRUS-G16 LOKI: Info: MODULE: Upgrader MESSAGE: New signature file: Win32.Ransomware.Oni.yara
20260302T16:06:17Z ZEPHYRUS-G16 LOKI: Info: MODULE: Upgrader MESSAGE: New signature file: Win32.Ransomware.OphionLocker.yara
20260302T16:06:17Z ZEPHYRUS-G16 LOKI: Info: MODULE: Upgrader MESSAGE: New signature file: Win32.Ransomware.Ouroboros.yara
20260302T16:06:17Z ZEPHYRUS-G16 LOKI: Info: MODULE: Upgrader MESSAGE: New signature file: Win32.Ransomware.Outsider.yara
20260302T16:06:17Z ZEPHYRUS-G16 LOKI: Info: MODULE: Upgrader MESSAGE: New signature file: Win32.Ransomware.PXJ.yara
20260302T16:06:17Z ZEPHYRUS-G16 LOKI: Info: MODULE: Upgrader MESSAGE: New signature file: Win32.Ransomware.Paradise.yara
20260302T16:06:17Z ZEPHYRUS-G16 LOKI: Info: MODULE: Upgrader MESSAGE: New signature file: Win32.Ransomware.Pay2Key.yara
20260302T16:06:17Z ZEPHYRUS-G16 LOKI: Info: MODULE: Upgrader MESSAGE: New signature file: Win32.Ransomware.Petya.yara
20260302T16:06:17Z ZEPHYRUS-G16 LOKI: Info: MODULE: Upgrader MESSAGE: New signature file: Win32.Ransomware.Plague17.yara
20260302T16:06:17Z ZEPHYRUS-G16 LOKI: Info: MODULE: Upgrader MESSAGE: New signature file: Win32.Ransomware.PrincessLocker.yara
20260302T16:06:17Z ZEPHYRUS-G16 LOKI: Info: MODULE: Upgrader MESSAGE: New signature file: Win32.Ransomware.Prometey.yara
20260302T16:06:17Z ZEPHYRUS-G16 LOKI: Info: MODULE: Upgrader MESSAGE: New signature file: Win32.Ransomware.RagnarLocker.yara
20260302T16:06:17Z ZEPHYRUS-G16 LOKI: Info: MODULE: Upgrader MESSAGE: New signature file: Win32.Ransomware.Ragnarok.yara
20260302T16:06:17Z ZEPHYRUS-G16 LOKI: Info: MODULE: Upgrader MESSAGE: New signature file: Win32.Ransomware.Ransoc.yara
20260302T16:06:17Z ZEPHYRUS-G16 LOKI: Info: MODULE: Upgrader MESSAGE: New signature file: Win32.Ransomware.RansomPlus.yara
20260302T16:06:17Z ZEPHYRUS-G16 LOKI: Info: MODULE: Upgrader MESSAGE: New signature file: Win32.Ransomware.Ransomexx.yara
20260302T16:06:17Z ZEPHYRUS-G16 LOKI: Info: MODULE: Upgrader MESSAGE: New signature file: Win32.Ransomware.Redeemer.yara
20260302T16:06:17Z ZEPHYRUS-G16 LOKI: Info: MODULE: Upgrader MESSAGE: New signature file: Win32.Ransomware.RegretLocker.yara
20260302T16:06:17Z ZEPHYRUS-G16 LOKI: Info: MODULE: Upgrader MESSAGE: New signature file: Win32.Ransomware.RetMyData.yara
20260302T16:06:17Z ZEPHYRUS-G16 LOKI: Info: MODULE: Upgrader MESSAGE: New signature file: Win32.Ransomware.Reveton.yara
20260302T16:06:17Z ZEPHYRUS-G16 LOKI: Info: MODULE: Upgrader MESSAGE: New signature file: Win32.Ransomware.Revil.yara
20260302T16:06:17Z ZEPHYRUS-G16 LOKI: Info: MODULE: Upgrader MESSAGE: New signature file: Win32.Ransomware.Rokku.yara
20260302T16:06:17Z ZEPHYRUS-G16 LOKI: Info: MODULE: Upgrader MESSAGE: New signature file: Win32.Ransomware.Ryuk.yara
20260302T16:06:17Z ZEPHYRUS-G16 LOKI: Info: MODULE: Upgrader MESSAGE: New signature file: Win32.Ransomware.Sage.yara
20260302T16:06:17Z ZEPHYRUS-G16 LOKI: Info: MODULE: Upgrader MESSAGE: New signature file: Win32.Ransomware.Sanwai.yara
20260302T16:06:17Z ZEPHYRUS-G16 LOKI: Info: MODULE: Upgrader MESSAGE: New signature file: Win32.Ransomware.Sarbloh.yara
20260302T16:06:17Z ZEPHYRUS-G16 LOKI: Info: MODULE: Upgrader MESSAGE: New signature file: Win32.Ransomware.Satan.yara
20260302T16:06:17Z ZEPHYRUS-G16 LOKI: Info: MODULE: Upgrader MESSAGE: New signature file: Win32.Ransomware.Satana.yara
20260302T16:06:17Z ZEPHYRUS-G16 LOKI: Info: MODULE: Upgrader MESSAGE: New signature file: Win32.Ransomware.Saturn.yara
20260302T16:06:17Z ZEPHYRUS-G16 LOKI: Info: MODULE: Upgrader MESSAGE: New signature file: Win32.Ransomware.Sepsis.yara
20260302T16:06:17Z ZEPHYRUS-G16 LOKI: Info: MODULE: Upgrader MESSAGE: New signature file: Win32.Ransomware.Serpent.yara
20260302T16:06:17Z ZEPHYRUS-G16 LOKI: Info: MODULE: Upgrader MESSAGE: New signature file: Win32.Ransomware.SevenSevenSeven.yara
20260302T16:06:17Z ZEPHYRUS-G16 LOKI: Info: MODULE: Upgrader MESSAGE: New signature file: Win32.Ransomware.ShadowCryptor.yara
20260302T16:06:17Z ZEPHYRUS-G16 LOKI: Info: MODULE: Upgrader MESSAGE: New signature file: Win32.Ransomware.Sherminator.yara
20260302T16:06:17Z ZEPHYRUS-G16 LOKI: Info: MODULE: Upgrader MESSAGE: New signature file: Win32.Ransomware.Sifrelendi.yara
20260302T16:06:17Z ZEPHYRUS-G16 LOKI: Info: MODULE: Upgrader MESSAGE: New signature file: Win32.Ransomware.Sifreli.yara
20260302T16:06:17Z ZEPHYRUS-G16 LOKI: Info: MODULE: Upgrader MESSAGE: New signature file: Win32.Ransomware.Sigrun.yara
20260302T16:06:17Z ZEPHYRUS-G16 LOKI: Info: MODULE: Upgrader MESSAGE: New signature file: Win32.Ransomware.Skystars.yara
20260302T16:06:17Z ZEPHYRUS-G16 LOKI: Info: MODULE: Upgrader MESSAGE: New signature file: Win32.Ransomware.Spora.yara
20260302T16:06:17Z ZEPHYRUS-G16 LOKI: Info: MODULE: Upgrader MESSAGE: New signature file: Win32.Ransomware.TBLocker.yara
20260302T16:06:17Z ZEPHYRUS-G16 LOKI: Info: MODULE: Upgrader MESSAGE: New signature file: Win32.Ransomware.TargetCompany.yara
20260302T16:06:17Z ZEPHYRUS-G16 LOKI: Info: MODULE: Upgrader MESSAGE: New signature file: Win32.Ransomware.TechandStrat.yara
20260302T16:06:17Z ZEPHYRUS-G16 LOKI: Info: MODULE: Upgrader MESSAGE: New signature file: Win32.Ransomware.TeleCrypt.yara
20260302T16:06:17Z ZEPHYRUS-G16 LOKI: Info: MODULE: Upgrader MESSAGE: New signature file: Win32.Ransomware.Termite.yara
20260302T16:06:17Z ZEPHYRUS-G16 LOKI: Info: MODULE: Upgrader MESSAGE: New signature file: Win32.Ransomware.Teslacrypt.yara
20260302T16:06:17Z ZEPHYRUS-G16 LOKI: Info: MODULE: Upgrader MESSAGE: New signature file: Win32.Ransomware.Teslarvng.yara
20260302T16:06:17Z ZEPHYRUS-G16 LOKI: Info: MODULE: Upgrader MESSAGE: New signature file: Win32.Ransomware.Thanatos.yara
20260302T16:06:17Z ZEPHYRUS-G16 LOKI: Info: MODULE: Upgrader MESSAGE: New signature file: Win32.Ransomware.TorrentLocker.yara
20260302T16:06:17Z ZEPHYRUS-G16 LOKI: Info: MODULE: Upgrader MESSAGE: New signature file: Win32.Ransomware.VHDLocker.yara
20260302T16:06:17Z ZEPHYRUS-G16 LOKI: Info: MODULE: Upgrader MESSAGE: New signature file: Win32.Ransomware.VanHelsing.yara
20260302T16:06:17Z ZEPHYRUS-G16 LOKI: Info: MODULE: Upgrader MESSAGE: New signature file: Win32.Ransomware.VegaLocker.yara
20260302T16:06:17Z ZEPHYRUS-G16 LOKI: Info: MODULE: Upgrader MESSAGE: New signature file: Win32.Ransomware.Velso.yara
20260302T16:06:17Z ZEPHYRUS-G16 LOKI: Info: MODULE: Upgrader MESSAGE: New signature file: Win32.Ransomware.WannaCry.yara
20260302T16:06:17Z ZEPHYRUS-G16 LOKI: Info: MODULE: Upgrader MESSAGE: New signature file: Win32.Ransomware.WaspLocker.yara
20260302T16:06:17Z ZEPHYRUS-G16 LOKI: Info: MODULE: Upgrader MESSAGE: New signature file: Win32.Ransomware.Wastedlocker.yara
20260302T16:06:17Z ZEPHYRUS-G16 LOKI: Info: MODULE: Upgrader MESSAGE: New signature file: Win32.Ransomware.WinWord64.yara
20260302T16:06:17Z ZEPHYRUS-G16 LOKI: Info: MODULE: Upgrader MESSAGE: New signature file: Win32.Ransomware.WsIR.yara
20260302T16:06:17Z ZEPHYRUS-G16 LOKI: Info: MODULE: Upgrader MESSAGE: New signature file: Win32.Ransomware.Xorist.yara
20260302T16:06:17Z ZEPHYRUS-G16 LOKI: Info: MODULE: Upgrader MESSAGE: New signature file: Win32.Ransomware.Zeoticus.yara
20260302T16:06:17Z ZEPHYRUS-G16 LOKI: Info: MODULE: Upgrader MESSAGE: New signature file: Win32.Ransomware.Zeppelin.yara
20260302T16:06:17Z ZEPHYRUS-G16 LOKI: Info: MODULE: Upgrader MESSAGE: New signature file: Win32.Ransomware.ZeroCrypt.yara
20260302T16:06:17Z ZEPHYRUS-G16 LOKI: Info: MODULE: Upgrader MESSAGE: New signature file: Win32.Ransomware.Zhen.yara
20260302T16:06:17Z ZEPHYRUS-G16 LOKI: Info: MODULE: Upgrader MESSAGE: New signature file: Win32.Ransomware.Zoldon.yara
20260302T16:06:17Z ZEPHYRUS-G16 LOKI: Info: MODULE: Upgrader MESSAGE: New signature file: Win64.Ransomware.Ako.yara
20260302T16:06:17Z ZEPHYRUS-G16 LOKI: Info: MODULE: Upgrader MESSAGE: New signature file: Win64.Ransomware.Albabat.yara
20260302T16:06:17Z ZEPHYRUS-G16 LOKI: Info: MODULE: Upgrader MESSAGE: New signature file: Win64.Ransomware.AntiWar.yara
20260302T16:06:17Z ZEPHYRUS-G16 LOKI: Info: MODULE: Upgrader MESSAGE: New signature file: Win64.Ransomware.AwesomeScott.yara
20260302T16:06:17Z ZEPHYRUS-G16 LOKI: Info: MODULE: Upgrader MESSAGE: New signature file: Win64.Ransomware.BlackBasta.yara
20260302T16:06:17Z ZEPHYRUS-G16 LOKI: Info: MODULE: Upgrader MESSAGE: New signature file: Win64.Ransomware.Cactus.yara
20260302T16:06:17Z ZEPHYRUS-G16 LOKI: Info: MODULE: Upgrader MESSAGE: New signature file: Win64.Ransomware.Curator.yara
20260302T16:06:17Z ZEPHYRUS-G16 LOKI: Info: MODULE: Upgrader MESSAGE: New signature file: Win64.Ransomware.DST.yara
20260302T16:06:17Z ZEPHYRUS-G16 LOKI: Info: MODULE: Upgrader MESSAGE: New signature file: Win64.Ransomware.HermeticRansom.yara
20260302T16:06:17Z ZEPHYRUS-G16 LOKI: Info: MODULE: Upgrader MESSAGE: New signature file: Win64.Ransomware.HotCoffee.yara
20260302T16:06:17Z ZEPHYRUS-G16 LOKI: Info: MODULE: Upgrader MESSAGE: New signature file: Win64.Ransomware.Nokoyawa.yara
20260302T16:06:17Z ZEPHYRUS-G16 LOKI: Info: MODULE: Upgrader MESSAGE: New signature file: Win64.Ransomware.Pandora.yara
20260302T16:06:17Z ZEPHYRUS-G16 LOKI: Info: MODULE: Upgrader MESSAGE: New signature file: Win64.Ransomware.RedRoman.yara
20260302T16:06:17Z ZEPHYRUS-G16 LOKI: Info: MODULE: Upgrader MESSAGE: New signature file: Win64.Ransomware.Rook.yara
20260302T16:06:17Z ZEPHYRUS-G16 LOKI: Info: MODULE: Upgrader MESSAGE: New signature file: Win64.Ransomware.SeedLocker.yara
20260302T16:06:17Z ZEPHYRUS-G16 LOKI: Info: MODULE: Upgrader MESSAGE: New signature file: Win64.Ransomware.Seth.yara
20260302T16:06:17Z ZEPHYRUS-G16 LOKI: Info: MODULE: Upgrader MESSAGE: New signature file: Win64.Ransomware.Solaso.yara
20260302T16:06:17Z ZEPHYRUS-G16 LOKI: Info: MODULE: Upgrader MESSAGE: New signature file: Win64.Ransomware.Vovalex.yara
20260302T16:06:17Z ZEPHYRUS-G16 LOKI: Info: MODULE: Upgrader MESSAGE: New signature file: Win64.Ransomware.Warlock.yara
20260302T16:06:17Z ZEPHYRUS-G16 LOKI: Info: MODULE: Upgrader MESSAGE: New signature file: Win64.Ransomware.WhiteBlackCrypt.yara
20260302T16:06:17Z ZEPHYRUS-G16 LOKI: Info: MODULE: Upgrader MESSAGE: New signature file: Win64.Ransomware.Wintenzz.yara
20260302T16:06:17Z ZEPHYRUS-G16 LOKI: Info: MODULE: Upgrader MESSAGE: New signature file: Linux.Rootkit.Pumakit.yara
20260302T16:06:17Z ZEPHYRUS-G16 LOKI: Info: MODULE: Upgrader MESSAGE: New signature file: Linux.Trojan.AcidRain.yara
20260302T16:06:17Z ZEPHYRUS-G16 LOKI: Info: MODULE: Upgrader MESSAGE: New signature file: Linux.Trojan.BiBiWiper.yara
20260302T16:06:17Z ZEPHYRUS-G16 LOKI: Info: MODULE: Upgrader MESSAGE: New signature file: Win32.Trojan.BiBiWiper.yara
20260302T16:06:17Z ZEPHYRUS-G16 LOKI: Info: MODULE: Upgrader MESSAGE: New signature file: Win32.Trojan.CaddyWiper.yara
20260302T16:06:17Z ZEPHYRUS-G16 LOKI: Info: MODULE: Upgrader MESSAGE: New signature file: Win32.Trojan.Dridex.yara
20260302T16:06:17Z ZEPHYRUS-G16 LOKI: Info: MODULE: Upgrader MESSAGE: New signature file: Win32.Trojan.Emotet.yara
20260302T16:06:17Z ZEPHYRUS-G16 LOKI: Info: MODULE: Upgrader MESSAGE: New signature file: Win32.Trojan.HermeticWiper.yara
20260302T16:06:17Z ZEPHYRUS-G16 LOKI: Info: MODULE: Upgrader MESSAGE: New signature file: Win32.Trojan.IsaacWiper.yara
20260302T16:06:17Z ZEPHYRUS-G16 LOKI: Info: MODULE: Upgrader MESSAGE: New signature file: Win32.Trojan.PathWiper.yara
20260302T16:06:17Z ZEPHYRUS-G16 LOKI: Info: MODULE: Upgrader MESSAGE: New signature file: Win32.Trojan.TrickBot.yara
20260302T16:06:18Z ZEPHYRUS-G16 LOKI: Info: MODULE: Upgrader MESSAGE: New signature file: Linux.Virus.Vit.yara
20260302T16:06:18Z ZEPHYRUS-G16 LOKI: Info: MODULE: Upgrader MESSAGE: New signature file: Win32.Virus.Awfull.yara
20260302T16:06:18Z ZEPHYRUS-G16 LOKI: Info: MODULE: Upgrader MESSAGE: New signature file: Win32.Virus.Cmay.yara
20260302T16:06:18Z ZEPHYRUS-G16 LOKI: Info: MODULE: Upgrader MESSAGE: New signature file: Win32.Virus.DeadCode.yara
20260302T16:06:18Z ZEPHYRUS-G16 LOKI: Info: MODULE: Upgrader MESSAGE: New signature file: Win32.Virus.Elerad.yara
20260302T16:06:18Z ZEPHYRUS-G16 LOKI: Info: MODULE: Upgrader MESSAGE: New signature file: Win32.Virus.Greenp.yara
20260302T16:06:18Z ZEPHYRUS-G16 LOKI: Info: MODULE: Upgrader MESSAGE: New signature file: Win32.Virus.Mocket.yara
20260302T16:06:18Z ZEPHYRUS-G16 LOKI: Info: MODULE: Upgrader MESSAGE: New signature file: Win32.Virus.Negt.yara
20260302T16:06:18Z ZEPHYRUS-G16 LOKI: Info: MODULE: Upgrader MESSAGE: Update complete
